"kategori","label_sekarang","koreksi","text","label_baru"
"balasan_pemilik","Negatif",0,"Yth manajemen RS, Mohon dicarikan solusi agar antrean tidak lama, saya bisa nunggu hampir 2 jam untuk bertemu dg dokter selama hanya 5 menit. Sy yakin pasien datang ke rs ini banyak tdk hanya untuk 1 atau 2 kali. Artinya banyak pasien yg berlangganan ke sini. Seharusnya bisa memberikan layanan lebih baik dan nyaman","HAPUS"
"balasan_pemilik","Negatif",0,"Assalamualaikum wrwb. Kami pasien lansia merasakan sulitnya mencapai antar ruang di dalam RSI Pwt terlebih di bagian lantai atas. Kepada pihak Manajemen RSI demi peningkatan kualitas pelayanan, kami menghimbau agar di buatkan sarana Lift / Conveyor untuk mempermudah / mempercepat pencapaian para pasien lansia antar ruang. Atas perhatiannya kami ucapkan terimakasih. Wassalamualaikum wrwb.","HAPUS"
"balasan_pemilik","Negatif",0,"Yth Direktur RSU PKU Muhammadiyah Amanah Sumpiuh beserta staf dan jajarannya Mohon izin dan mohon maaf sebelumnya Izin memberikan kritik terkait pelayanan di IGD dan Ruang Rawat Inap Salah satu anggota keluarga saya sakit dan saya secara inisiatif membawa keluarga ke RSU PKU Muhamadiyah Sumpiuh karena RSU PKU Muhamammadiyah Sumpiuh merupakan rumah sakit terdekat dari rumah dan saya yakin akan mendapatkan pelayanan yang baik dan tepat serta cepat. Oleh karena itu kami sangat percaya akan pelayanan terbaik yang diberikan oleh RSU PKU Muhamammadiyah Sumpiuh. Namun alangkah terkejutnya saya dan keluarga mendapati pelayanan yang kurang maksimal dan tidak cepat. Kami memberitahu bahwa pasien mengalami kondisi tidak sadar sesampainya di igd perawat kurang cepat dan terkesan lambat. Saya tau kondisi saat itu cukup ramai dengan beberapa bed penuh pasien. Bukankah pasien dengan kondisi tidak sadar merupakan indikasi pasien yang mendapatkan pertolongan terlebih dahulu? Saya baca di internet bahwa di IGD ada yang namanya Triase dan triase itu di gunakan sebagai pedoman utama untuk pertolongan pasien darurat. Diposisi ini keluarga saya dilakukan pengukuran tensi, suhu dan lain sebagainya, disini kami sebagai keluarga memberitahukan perawat bahwa pasien punya riwayat gula darah tidak terkontrol sehingga kami pikir gulanya rendah atau gulanya tinggi sehingga kami meminta untuk dilakukan pengecekan gula darah dan benar saja gula darah pasien 260 serta tensi 226/113. Hal ini membuat kita keluarga kaget. Kemudian datang dokter umum dan melakukan pemeriksaan, dokter umum berkata bahwa pasien mungkin mengalami gejala stroke dan dilakukan tindakan ct scan dan pasien di rawat di ruang HCU. Kami sekeluarga setuju demi kebaikan pasien. Beberapa saat kemudian saya mendapati wa dari saudara saya yang menjaga pasien bahwa pasien di bawa keruang rawat biasa bukan HCU. Disini kami bertanya-tanya kenapa tidak jadi di HCU? Posisi kami semua tidak diberitahu sama sekali kenapa pasien di rawat di ruang rawat inap biasa? Bukan di HCU? Apakah karena usia sudah lanjut jadi di masukan ke ruang biasa? Atau karena memang kondisinya yang tidak bisa masuk kriteria pasien HCU? Disini saya mohon konfirmasi dari pihak rumah sakit. Kemudian pasien di ruang rawat inap dilakukan monitor menggunakan alat seperti tensi dan dipasang obat dengan infus kecil pakai suntikan gede yang saya baca obat itu nicardipin namanya. Disini saya diberitahu oleh penunggu pasien bahwa obat di suntikan kecil itu dilepas katanya tensinya sudah normal. Akan tetapi ketika saya melihat secara langsung tensi pasien masih diatas angka 180an. Tensi yang masih cukup tinggi menurut kami. Apakah disini ada target kalau tensi sudah 180an obat tersebut yang pakai suntikan gede distop? Disini keluarga juga tidak diberitahu perihal ini. Hari Jum'at pasien masih terpasang monitor tensi, tapi pagi hari sabtu kami mendapati monitor tensi sudah tidak terpasang sama sekali. Kami tanya pada penunggu pasien loh monitornya ngga ada? Lalu dijawab sama perwatnya yang malam di lepas dari jam 12an, lalu saya konfirmasi ke tempat perawat, mba kenapa monitor di lepas padahal tensi pasien masih cenderung naik? Tensi masih diangka 160an. Lalu perwat menjawab anu dipakai sama yang lain mba? Lalu saya tanya lagi lah memang hanya ada 1 mba? Lalu perawat menjawab dipakai semua mba coba nanti saya carikan. Pasien dengan kondisi gelisahdan cenderung tensi tinggi tidak dimonitor ? Apakah seperti ini SOP yang biasa dilakukan dirumah sakit ini? Apakah menunggu pasien makin menurun kondisinya baru dipasang monitor lagi? Jika ini ada diposisi keluarga anda apakah akan sama juga? Mohon dengan sangat untuk membenahi pelayanan dan mohon dengan sangat untuk ditindak lanjuti Kami yakin RSU PKU Amanah Sumpiuh akan menindaklanjuti aduan kami dengan baik dan kami yakin juga rumah sakit akan jauh lebih baik jika aduan kami di tindak lanjut Mohon dengan sangat Direktur RSU PKU Muhammadiyah Sumpihun berserta staf dan jajarannya Sedikit masukan Akan membuat rumah sakit semakin maju dan berkembang.","HAPUS"
"balasan_pemilik","Negatif",0,"Keluarga saya ada yg demam tinggi menggigil,di cek ada infeksi,n drawat,hanya di ksh obat paracetamol oral,n suntikan antibiotik melaui infus .masuk kamar rawat jam 3.30 sore n dokter br berkunjung bsk siangnya. Smlman bolak balik menggigil n panas bhkan hmpir 40 derajat. setelah dokter visit ampe bsknya obat yg dibrikan hanya 2 n TDK ADA PERUBAHAN signifikan,esoknya sy nanya apakah ada obat lagi atau pemeriksaan darah lbh lanjut katanya gak ush. Sy dengar dr org dokternya pelit obat,krn katanya gak mau berlebihan ksh obat, tdk komunikatif, sy sbg kluarga pasien sy berhak menanyakan pertanyaan2 sehubungan dgn kondisi pasien bukan? Tdk ada keterangan jls n solusi,kyk krg maubdgr penjelasan, knp kita mau kominikasi baik n tdk buru2? krn kita yg lht langsung bgm dia panas ,mnggigil,berkeringat tanpa ada kemajuan,akhrnya krn sy tanya apakah tdk ada obat lagi dberilah 1 obat tmbahan.sjk diberikan itu baru mulai ada kemajuaj n ,wlpun msh menggigil n panas tp tdk spt awal2,hari k 3 boleh pulang dgn dibekali hanyq paracetamol 500gr 1 papan,pdhl sy lht msh belum tuntas. Dan ternyata benar saat kami pimdah Rs,pemeriksaan lanjutan di RS lain terbukti dia sakit yg harus ditangani lbh serius ,sampai 3x usg n pindah k dokter yg lbh spesifik,dan dokter sini di berkas hanya ditulis demam unspecifik,ringan skali kesannya. ini masalah nyawa tapi dokter di rs sinar kasih ini bner2 mengganggap biasa sekali,,bukankah setiap org yg msuk rs drawat butuh tindak lanjut yg serius. dari cara body language dokter ybs memeriksa pasien pun sy mlihat sangat tdk melayani sepenuh hati ,periksa hanya di area perut pakai testoskop n tdk lbh dari 4 detik. Disentuh di cek tangan pun tidak,padahal dr awal pasien sdh bilang area pinggang sakit..wah sy pikir pasien hebat skali dokter ini ya, tanpa detail priksa ,cek jg cepat skali,seakan buru2 sekali. inisial dr A,Sp Pd cb pak dokter yth ,jika itu keluarga anda yg sakit apakah anda rela ditanganin sgn seenaknya? pdhl suster2nya baik n ramah,sayang skli dokternya spt ini. KAPOK. 1 lagi,saat pasien datang turun dr mbl msh bisa jalan,walpun pusing sy pegangi n gandeng tapi malah bukannya diambilin kursi roda malah oleh petugas ( kliatannya sekuriti )disruh ke bagian pendaftran dulu,sya tdk mau,sy antar masuk dahulu ketemu suster di Igd kemudian BARU SY YG DAFTAR. Yg bnr saja sedang sakit makanya k IGD kok disuruh daftar dulu pasiennya.","HAPUS"
"balasan_pemilik","Netral",0,"Yth. Reza Nur Pratama Terima kasih kami ucapkan atas ulasan dan Rating yang diberikan.RSU Ananda Purwokerto berkomitmen untuk terus memberikan pelayanan terbaik bagi masyarakat. Salam Sehat selalu. “RSU Ananda Purwokerto”","HAPUS"
"balasan_pemilik","Positif",0,"Ibu saya rutin setiap bulan periksa ke poly syaraf, sewaktu RS tdk dpt menggunakan BPJS ibu sy tdk mau pindah, tetap periksa wlpn menggunakan umum yg berbayar. Dokternya ramah sehingga pasien merasa nyaman & dpt menambah semangat serta imun bagi pasien, pelayanan di RS Ananda smkn hari smkn baik dg keramahan dan ketelatenan menghadapi lansia. Smg RS Ananda smkn maju dan sll memberikan pelayanan yg terbaik utk pasien. Terimakasih kami ucapkan utk segenap pimpinan, staf n tenaga medis atas pelayanan yg diberikan kepada pasien.","HAPUS"
"balasan_pemilik","Positif",0,"RSU DK. (Dadi Keluarga) sangatt"" Baik 👌👌 pelayanannya, ramah, pasilitas lengkap, rumah sakitnya bersih, perawat dan dokter nya sangat disiplin merawat pasien sat set, ANTI Lelet, 👍👍 terimakasih untuk RSU.D,K, perawat dan ibu Dokter anak (dr. Annisa Fatimah, Sp. A) 🙏🙏🙏, Sekali lagi kami ucapkan banyak"" Terimakasih,, 🙏🙏🙏","HAPUS"
"pertanyaan","Negatif",0,"Rumah sakit mana yang tega bikin antrean gak jelas untuk ibu hamil. Nunggu 3 jam? Mikir!",""
"pertanyaan","Negatif",0,"telp operator aku ucap assalamualaikum operatornya ga jawab malah diam aja, ini RS islam apa kafir???",""
"pertanyaan","Negatif",0,"Parah bgt, kayanya pasien harus sekarat dulu baru di tanganin?!! Astaghfirullah.",""
"pertanyaan","Negatif",0,"Pasien apa ladang bisnis?",""
"pertanyaan","Negatif",0,"dokter sering sekali telat lebih dari 1 jam tidak sesuai jadwal, kalau sesekali masih oke, tapi kalo sering kali? kecewa",""
"pertanyaan","Negatif",0,"RS pemerintah seçurity tidak ramah . Dikira kita berobat gak bayar apa???",""
"pertanyaan","Netral",0,"Mohon bantuannya bisa ngobatin mata minus ga?",""
"pertanyaan","Netral",0,"Mau periksa anak kecil boleh ikut masuk ngga ya ka ?",""
"pertanyaan","Netral",0,"Mau nanya kepada pihak RS ananda kalau dokter kodri spesialis anak prakteknya setiap hari apa aja ya ?",""
"pertanyaan","Netral",0,"hallo mau tanya, untuk pendaftaran apakah bisa online untuk usg ? persyaratan pakai bpjs apa aja ya?",""
"pertanyaan","Netral",0,"Mohon maaf mau tanya. Usg di rs amanah sumpiuh jadwal hari apa saja?",""
"pertanyaan","Netral",0,"Disini sudah bs lasik blm y?",""
"pertanyaan","Netral",0,"Apakah ada dr.THT di sini...??",""
"pertanyaan","Netral",0,"Kalau dari rsop ciamis tapi kontrol pengen pindah di purwokerto apakah bisa ?",""
"pertanyaan","Netral",0,"Disini melayani Rectal swab tidak ya?",""
"pertanyaan","Netral",0,"Apakah khusus bedah saja atau bisa untuk umum ?",""
"pertanyaan","Netral",0,"Assalamualaikum Mohon infonya Di RSIA bunda arif apa bisa USG pake bpjs pemerintah /KIS?",""
"pertanyaan","Netral",0,"Apakah di sini ada dokter spesialis anak?. Kalau ada di jam sore ada ga ya kak",""
"pertanyaan","Netral",0,"Mohon maaf mau tanya untuk usg biayanya sampai berapa ya? Dan apakah tersedia usg 4D untuk saat ini?",""
"pertanyaan","Netral",0,"Bisa pakai bpjs engga ya kak?",""
"pertanyaan","Netral",0,"Bisa untuk konsultasi promil gak? kalau mau konsul promil ke bagian mana? ada yg bisa bantu jawab",""
"pertanyaan","Netral",0,"Mau tanya,,USG 2D biaya nya brpa ya ? 🙏",""
"pertanyaan","Netral",0,"Mohon maaf, apa disini menerima pasien test swab antigen? Harganya brp? Dan operasional sampai jam brp?",""
"pertanyaan","Netral",0,"Jam besuk jam berapa yah?",""
"pertanyaan","Netral",0,"Assalamualaikum ...maaf MB/mas yg sudah berobat kesana mau tanya, kalau jadwal praktek dr husus tulang belakang itu hari ap ?",""
"pertanyaan","Netral",0,"Mau tanya kalo ktp kroya mau lahiran di sini pake kis bisa gak ?????",""
"pertanyaan","Netral",0,"Ada nomer wa yang bisa di hubungi ga? Yang tertera ga bisa di hubungi",""
"pertanyaan","Netral",0,"Harga usgnya brp ya ?",""
"pertanyaan","Netral",0,"hari jum'at depan tgl 20 februari,apakah ada dr.Lizaldi?saya mau kesana.",""
"pertanyaan","Netral",0,"Untuk tanggal merah apakah rs tetap Buka?",""
"pertanyaan","Netral",0,"Mohon maaf bertanya,Apakah setelah daftar langsung di lakukan tindakan?atau nunggu brapa Minggu dulu?",""
"pertanyaan","Netral",0,"Giman caranya ya? Ak mau minta surat rujukan , apa harus ndaftar online dulu kah? soalnya lewat jin nggak bisa",""
"pertanyaan","Netral",0,"Mau tanya untuk biaya operasi cesar berapa di rsu hidayah?",""
"pertanyaan","Netral",0,"Adakah no lain yg BS kami hubungi? Dari kemarin saya hub no yg tertera di bio, katanya nomor TDK teregister.",""
"pertanyaan","Netral",0,"Ada nomer telepon yang bisa komunikasi lewat watsap gak??",""
"pertanyaan","Netral",0,"maaf kalo bersalin pake bpjs apakah kassa, tisu, kapas bawa sendiri atau dapat dr rs?",""
"pertanyaan","Positif",1,"Apakah hari ini kamis 3 april 2025 ,pelayanan mata sudah buka?","Netral"
"pertanyaan","Positif",0,"Rumah sakit khusus bedah, bersih, rapi, dan sunyi, mungkin di dalam banyak orang tp pada tegang2 takut apa yah?",""
"pertanyaan","Positif",1,"Apa ada kemonya juga ???","Netral"
"pertanyaan","Positif",0,"Semua pelayanan baik, dokter maupun perawat ? Terima kasih RSIA Bunda Arif",""
"pertanyaan","Positif",1,"Mau tanya untuk perawatan saluran akar apakah antrian nya lama?","Netral"
"sangat_pendek","Negatif",0,"Pelayanan mengecewakan",""
"sangat_pendek","Negatif",0,"pelayanan nya mines",""
"sangat_pendek","Negatif",0,"Pelayanan kurang!!!!",""
"sangat_pendek","Negatif",1,"Indonesia bangeeeet","Netral"
"sangat_pendek","Negatif",0,"Too slow",""
"sangat_pendek","Negatif",0,"dokternya tidak komunikatif",""
"sangat_pendek","Negatif",0,"Suwene duh gusti...",""
"sangat_pendek","Negatif",0,"Pelayanannya sangat lama",""
"sangat_pendek","Negatif",0,"Buruk pelasyanane...",""
"sangat_pendek","Negatif",0,"Kecewa",""
"sangat_pendek","Negatif",0,"Gak satset",""
"sangat_pendek","Negatif",0,"parkir sempit",""
"sangat_pendek","Negatif",0,"Elek ra laris",""
"sangat_pendek","Negatif",0,"Pelayanan tidak sesuai...lambat",""
"sangat_pendek","Negatif",0,"pelayanannya kurang",""
"sangat_pendek","Negatif",0,"Kurang paus",""
"sangat_pendek","Negatif",0,"Kecewa lah..",""
"sangat_pendek","Negatif",0,"Buruk sekali",""
"sangat_pendek","Negatif",0,"Perawat tidak ramah",""
"sangat_pendek","Negatif",0,"Layanan ya buruk",""
"sangat_pendek","Negatif",0,"busuk",""
"sangat_pendek","Negatif",0,"Urutannya gak jelas",""
"sangat_pendek","Negatif",0,"Pelayanan buruk, lama...",""
"sangat_pendek","Negatif",0,"Lama",""
"sangat_pendek","Negatif",0,"Pelayanannya bagus,ramah.",""
"sangat_pendek","Negatif",0,"Mahal",""
"sangat_pendek","Negatif",0,"Molor",""
"sangat_pendek","Negatif",0,"Pasien dr.wiliam,sumpek",""
"sangat_pendek","Negatif",0,"Too sloowwwww 👎",""
"sangat_pendek","Negatif",0,"Pelayan buruk..kurang memuaskan..",""
"sangat_pendek","Negatif",0,"Pelayannya tidak ramah",""
"sangat_pendek","Negatif",0,"parawatnya batu,songong bet",""
"sangat_pendek","Negatif",0,"Pelayanan kurang gercep",""
"sangat_pendek","Negatif",0,"2jam. Nunggu obat😭",""
"sangat_pendek","Netral",0,"Sunat modern 👍",""
"sangat_pendek","Netral",0,"Dokter Ika 🫶🏻",""
"sangat_pendek","Netral",0,"Melayani",""
"sangat_pendek","Netral",0,"Masih ingat cecilia",""
"sangat_pendek","Netral",0,"6 jam antrine",""
"sangat_pendek","Netral",1,"seruuu","Positif"
"sangat_pendek","Netral",0,"Cukup sekali.",""
"sangat_pendek","Netral",0,"Parkir gratis",""
"sangat_pendek","Netral",1,"Pelayanan mntap","Positif"
"sangat_pendek","Netral",0,"Rs untuk anak...",""
"sangat_pendek","Netral",0,"Sering ngopi dibelakang",""
"sangat_pendek","Netral",1,"Pelayanan poli mantul","Positif"
"sangat_pendek","Netral",0,"Rumah sakit",""
"sangat_pendek","Netral",0,"Deg-degan",""
"sangat_pendek","Netral",0,"Terimakash 🙏",""
"sangat_pendek","Netral",0,"Mhn ditingkatkan pelayanan",""
"sangat_pendek","Netral",0,"Ramai lancar",""
"sangat_pendek","Netral",0,"Rontgen gigi",""
"sangat_pendek","Netral",0,"Layanan Rekam Medis",""
"sangat_pendek","Netral",0,"Pernah sekali kesini",""
"sangat_pendek","Netral",1,"Fast response.. 😍🙏","Positif"
"sangat_pendek","Netral",0,"Tingkatkan pelayanan",""
"sangat_pendek","Netral",1,"Menyenangkan 🥰","Positif"
"sangat_pendek","Netral",1,"Mantap..","Positif"
"sangat_pendek","Netral",0,"Rumah sakit tentara",""
"sangat_pendek","Netral",0,"RSU Dadi Keluarga",""
"sangat_pendek","Netral",1,"Aku si yess",""
"sangat_pendek","Netral",1,"sudah cukup.",""
"sangat_pendek","Netral",1,"Luas rumah sakitmya",""
"sangat_pendek","Netral",1,"saya kasih bintang",""
"sangat_pendek","Positif",0,"pelayanannya baik",""
"sangat_pendek","Positif",0,"Layanan prima",""
"sangat_pendek","Positif",0,"Good facilities!",""
"sangat_pendek","Positif",0,"Pelayanannya ramah, tanggap,l",""
"sangat_pendek","Positif",0,"Pelayanannya ramah",""
"sangat_pendek","Positif",0,"Cukup baik",""
"sangat_pendek","Positif",0,"Pelayanan top",""
"sangat_pendek","Positif",0,"Bagus ramah",""
"sangat_pendek","Positif",0,"Pelayanan mantap pokoknyaa",""
"sangat_pendek","Positif",0,"Mudah dibtu jkn",""
"sangat_pendek","Positif",0,"RSU yang cekatan",""
"sangat_pendek","Positif",0,"Petugas jkn ramah",""
"sangat_pendek","Positif",0,"pelayanan ramah",""
"sangat_pendek","Positif",0,"pelayanan jkn baik",""
"sangat_pendek","Positif",0,"pelayanan prima ramah",""
"sangat_pendek","Positif",0,"pelayanan terbaikk😍😍",""
"sangat_pendek","Positif",0,"Pelayanan cukup baik",""
"sangat_pendek","Positif",0,"Puas",""
"sangat_pendek","Positif",0,"Bagus pelayanannya",""
"sangat_pendek","Positif",0,"Tempatnya nyaman",""
"sangat_pendek","Positif",0,"Good",""
"sangat_pendek","Positif",0,"Rs terpercaya",""
"sangat_pendek","Positif",0,"Layanan Bain,jknnya ramah",""
"sangat_pendek","Positif",0,"Petugasnya ramah",""
"sangat_pendek","Positif",0,"petugas ramah jknnya",""
"sangat_pendek","Positif",0,"Pelayanan jkn ramah",""
"sangat_pendek","Positif",0,"Petugas jkn baik",""
"sangat_pendek","Positif",0,"Plpetugas jkn ramah",""
"sangat_pendek","Positif",0,"Pelayanan mudah jknnya",""
"sangat_pendek","Positif",0,"jkn staffnya ramah",""
"sangat_pendek","Positif",0,"Pelayanan jln ramah",""
"sangat_pendek","Positif",0,"Petugas jknnya ramah",""
"sangat_pendek","Positif",0,"Petugas ramah",""
"sangat_pendek","Positif",0,"Ramah dan bagus",""
"sangat_pendek","Positif",0,"Petugasnya ramah ramah",""
"sangat_pendek","Positif",0,"Memberikan pelayanan terbaik",""
"sangat_pendek","Positif",0,"Pelayanan sangat baik",""
"sangat_pendek","Positif",0,"Pelayanannya memuaskan",""
"sangat_pendek","Positif",0,"Ramah bersih wangi",""
"sangat_pendek","Positif",0,"Ramah pelayanan nya",""
"sangat_pendek","Positif",0,"Sip",""
"sangat_pendek","Positif",1,"terimakasi, aku sembuh","Netral"
"sangat_pendek","Positif",0,"Pelayanannya cepat",""
"sangat_pendek","Positif",0,"Alhamdulillah penanganan cepat",""
"sangat_pendek","Positif",0,"Jos",""
"sangat_pendek","Positif",0,"Sangat puas pelayanannya",""
"sangat_pendek","Positif",0,"puas bnaget",""
"sangat_pendek","Positif",0,"Bintang 5",""
"sangat_pendek","Positif",0,"Sangat puas",""
"sangat_pendek","Positif",0,"Terbaik",""
"sangat_pendek","Positif",1,"Oke ok","Netral"
"sangat_pendek","Positif",0,"Puas sekali",""
"sangat_pendek","Positif",0,"Luar biasa",""
"sangat_pendek","Positif",0,"Alhamdulillah baik",""
"sangat_pendek","Positif",0,"Pelayanan Cepat,Tanggap",""
"sangat_pendek","Positif",0,"Alkhamdulillah hasil memuaskan",""
"sangat_pendek","Positif",0,"Memuaskan",""
"sangat_pendek","Positif",0,"Penanganan cepat.pelayanan 👍👍👍",""
"sangat_pendek","Positif",0,"Baik ramah",""
"sangat_pendek","Positif",0,"Nice",""
"sangat_pendek","Positif",0,"Respon cepat",""
"sangat_pendek","Positif",0,"Gercep, satset, komunikatif",""
"sangat_pendek","Positif",0,"Pelayanan baik.. cepat..ramah",""
"sangat_pendek","Positif",0,"Amaan, nyaman, ramaah",""
"sangat_pendek","Positif",0,"pelayanannya baik, ramah",""
"sangat_pendek","Positif",0,"Pelayananya bagus",""
"sangat_pendek","Positif",0,"Pelayanan oke",""
"sangat_pendek","Positif",0,"Dokter hanantyo istebest",""
"sangat_pendek","Positif",1,"Lumayan","Netral"
"sangat_pendek","Positif",0,"cukup memuaskan",""
"sangat_pendek","Positif",0,"Suka",""
"sangat_pendek","Positif",0,"The best ❤",""
"sangat_pendek","Positif",0,"Alhamdlh dokter ramah",""
"sangat_pendek","Positif",0,"Good Hospital",""
"sangat_pendek","Positif",0,"ramah juga...",""
"sangat_pendek","Positif",0,"Dokternya ramah,,pelayanan oke..",""
"sangat_pendek","Positif",0,"Jazakumullahkhair",""
"sangat_pendek","Positif",0,"Ramah",""
"sangat_pendek","Positif",0,"Pelayanan ramah baik",""
"sangat_pendek","Positif",0,"Baik,dan ramah",""
"sangat_pendek","Positif",0,"Pelayanan cepat",""
"sangat_pendek","Positif",0,"Baik",""
"sangat_pendek","Positif",0,"Pelayanan sangat bagus",""
"sangat_pendek","Positif",0,"Sangat memuaskan pelayanannya",""
"sangat_pendek","Positif",0,"Bagus bangett pelayannya",""
"sangat_pendek","Positif",0,"Layanan sangat ramah",""
"sangat_pendek","Positif",0,"Pelayanan nya ramah",""
"sangat_pendek","Positif",0,"Joss",""
"sangat_pendek","Positif",0,"Pelayanan 👍👍👍",""
"sangat_pendek","Positif",0,"keren, pelayanan ramah",""
"sangat_pendek","Positif",0,"Kereen...",""
"sangat_pendek","Positif",0,"Baik dlm pelayanan",""
"sangat_pendek","Positif",0,"Pelayanan baik,Ramah,komunikatif..terbaik",""
"sangat_pendek","Positif",0,"Manajemennya oke...",""
"sangat_pendek","Positif",0,"Pelayanan ramah josss....",""
"sangat_pendek","Positif",0,"lumayan pelayananya",""
"sangat_pendek","Positif",0,"Pelayanan nya best!!!!",""
"sangat_pendek","Positif",0,"Pelayanannya gercep",""
"sangat_pendek","Positif",0,"Bersih rapi",""
"sangat_pendek","Positif",0,"Pelayanannya bagus bangett",""
"sangat_pendek","Positif",0,"Glne biyunge",""
"sangat_pendek","Positif",0,"Melayani dengan Kasih.",""
"sangat_pendek","Positif",0,"Cepat tanggap",""
"sangat_pendek","Positif",0,"Perawatnya ramah",""
"sangat_pendek","Positif",0,"Perawatya ramah",""
"sangat_pendek","Positif",1,"bagus",""
"sangat_pendek","Positif",0,"Cepat, tanggap, ramah,.",""
"sangat_pendek","Positif",0,"Pelayanan sangat ramah",""
"sangat_pendek","Positif",0,"Top",""
"sangat_pendek","Positif",0,"Mantap betul pelayanannya😍",""
"sangat_pendek","Positif",0,"Pelayanyan sangat baik",""
"sangat_pendek","Positif",0,"Pelayanan nya baik",""
"sangat_pendek","Positif",0,"perawtnya sangat ramah",""
"sangat_pendek","Positif",0,"pelayanan oke banget!",""
"sangat_pendek","Positif",0,"Pelayanannya bagus memuaskan",""
"sangat_pendek","Positif",0,"Pelayanan cepat,fasilitas oke",""
"sangat_pendek","Positif",0,"Palayanan sangat memuaskan",""
"sangat_pendek","Positif",0,"Pelayanan sangat puas",""
"sangat_pendek","Positif",0,"Baguss pelayanannya👍🏻👍🏻👍🏻👍🏻👍🏻",""
"sangat_pendek","Positif",1,"Pelayanan sudah baik",""
"sangat_pendek","Positif",0,"Bagus luar biasa",""
"sangat_pendek","Positif",0,"Pelayanan terbaik 🤩",""
"sangat_pendek","Positif",0,"Ramah bintang 5",""
"sangat_pendek","Positif",0,"Josss Mantap",""
"sangat_pendek","Positif",0,"Pelayanan cepat, ramah",""
"sangat_pendek","Positif",0,"baik dan ramah",""
"sangat_pendek","Positif",0,"Pelayanannya 👍🏻",""
"sangat_pendek","Positif",0,"Bagus sopan",""
"sangat_pendek","Positif",0,"Alhamdulillah pelayanannya baik",""
"sangat_pendek","Positif",0,"Bagus, pelayanan ramah,",""
"sangat_pendek","Positif",0,"Asiknyooooo...",""
"sangat_pendek","Positif",0,"Pelayanan yang memuaskan",""
"sangat_pendek","Positif",0,"Bagus dan mewah",""
"sangat_pendek","Positif",0,"Mantap joss",""
"sangat_pendek","Positif",0,"mantapppp",""
"sangat_pendek","Positif",0,"Bagus & nyaman",""
"sangat_pendek","Positif",0,"Kepenak",""
"sangat_pendek","Positif",0,"Nyaman, canggih, trampil",""
"sangat_pendek","Positif",0,"Good job...",""
"sangat_pendek","Positif",0,"Oke deh",""
"sangat_pendek","Positif",0,"Godds",""
"sangat_pendek","Positif",0,"pelayanannya oke bgt",""
"sangat_pendek","Positif",0,"Ruang fransiskus,pelanyanan memuaskan",""
"sangat_pendek","Positif",0,"R. Fransiskus👍",""
"sangat_pendek","Positif",0,"keren",""
"sangat_pendek","Positif",0,"Pelayananya oke",""
"sangat_pendek","Positif",0,"Pelayanannya bagusss",""
"sangat_pendek","Positif",0,"pelayanan bagus",""
"sangat_pendek","Positif",0,"Baik sekali",""
"sangat_pendek","Positif",0,"Kereeeen",""
"sangat_pendek","Positif",0,"Pelayanan OK",""
"sangat_pendek","Positif",0,"Pelayananya baik,pennagnya cepat",""
"sangat_pendek","Positif",0,"Baik ,pelayanann Ramah",""
"sangat_pendek","Positif",0,"pelayanannya luar biasa",""
"sangat_pendek","Positif",0,"Pelayanan baik ok",""
"sangat_pendek","Positif",0,"nyaman",""
"sangat_pendek","Positif",0,"Pelayanan sangan memuaskan",""
"sangat_pendek","Positif",0,"Mantappp",""
"sangat_pendek","Positif",0,"perawatnya ramah2",""
"sangat_pendek","Positif",0,"Sukses selalu",""
"sangat_pendek","Positif",0,"Bersih dan megah",""
"sangat_pendek","Positif",0,"Puas dengan pelayanannya",""
"sangat_pendek","Positif",0,"pelayananya baik",""
"sangat_pendek","Positif",0,"Bagus dan baik",""
"sangat_pendek","Positif",0,"Bagus dan ramah",""
"sangat_pendek","Positif",0,"Baik pelayanannya",""
"sangat_pendek","Positif",0,"Mantap lahh 👍",""
"sangat_pendek","Positif",0,"Cepat",""
"sangat_pendek","Positif",0,"sangat membantu",""
"sangat_pendek","Positif",0,"Bersih dan tertib",""
"sangat_pendek","Positif",0,"Mantap, pelayanan terbaik",""
"sangat_pendek","Positif",0,"sangat ramah pelayanannya",""
"sangat_pendek","Positif",0,"Bagus memuaskan perawatanya",""
"sangat_pendek","Positif",0,"pelayanannya ramah bangett",""
"sangat_pendek","Positif",0,"Memuaskan keren",""
"sangat_pendek","Positif",0,"Reomended",""
"sangat_pendek","Positif",0,"Pelayanan ramah banget",""
"sangat_pendek","Positif",0,"Scallingnya bersih",""
"sangat_pendek","Positif",0,"mantapp pelayanan baik",""
"sangat_pendek","Positif",0,"Pelayanannya bagus 👍👍👍",""
"sangat_pendek","Positif",0,"Bersih ramah pelatanannya",""
"sangat_pendek","Positif",0,"Nyaman, cepat, canggih",""
"sangat_pendek","Positif",0,"Seru menyenangkan",""
"sangat_pendek","Positif",0,"Bagus udah",""
"sangat_pendek","Positif",0,"Pelayan baik semuanya",""
"sangat_pendek","Positif",0,"Topmarkotop",""
"sangat_pendek","Positif",0,"Nyaman,lengkap,aman",""
"sangat_pendek","Positif",0,"operasi sukses",""
"sangat_pendek","Positif",0,"pelayanan baik sekali",""
"sangat_pendek","Positif",0,"Alhamdulillah pelayanan menyenangkan",""
"sangat_pendek","Positif",0,"Maturnuwun medika lestari",""
"sangat_pendek","Positif",0,"Pelayanane bagus",""
"sangat_pendek","Positif",0,"Sangat bagus....",""
"sangat_pendek","Positif",0,"ya alhamdllah nyaman",""
"sangat_pendek","Positif",0,"Sippp pokoke",""
"sangat_pendek","Positif",0,"Pelayanan sipp",""
"sangat_pendek","Positif",0,"Konsultasinya nyaman ramahh",""
"sangat_pendek","Positif",0,"Baik sekaliii",""
"sangat_pendek","Positif",0,"Dokter jantungnya ramah",""
"sangat_pendek","Positif",0,"Pelayanan semain baik",""
"sangat_pendek","Positif",0,"semakin baik",""
"sangat_pendek","Positif",0,"Pelayanan sudah bagus",""
"sangat_pendek","Positif",0,"Rsud mantap",""
"sangat_pendek","Positif",0,"Bagus, pelayanan oke",""
"sangat_pendek","Positif",0,"Pelayanan semakin baik",""
"sangat_pendek","Positif",0,"Fasilitasnya semakin bagus",""
"sangat_pendek","Positif",0,"Pelayanannya semakin baik",""
"sangat_pendek","Positif",0,"Bagus, memuaskan banget",""
"sangat_pendek","Positif",0,"Pelayanan bgus",""
"sangat_pendek","Positif",0,"Mantap..... Lanjutkan....",""
"sangat_pendek","Positif",0,"Penanganan cepat",""
"sangat_pendek","Positif",0,"Tempat parkirnya fanasss",""
"sangat_pendek","Positif",0,"Pelayanan bagus,perawat,dokter,semua baik",""
"sangat_pendek","Positif",0,"Perawat ramah",""
"sangat_pendek","Positif",0,"Excellent service",""
"sangat_pendek","Positif",0,"Pelayanan sat set",""
"sangat_pendek","Positif",0,"Fasilitasnya baik",""
"sangat_pendek","Positif",0,"Penanganan cepat,,,baik,,,strategis tempatnya,,,",""
"sangat_pendek","Positif",0,"Pelayanannya baikk",""
"sangat_pendek","Positif",0,"Pelayananya bagus mantap",""
"sangat_pendek","Positif",0,"Bagus dan mantap",""
"sangat_pendek","Positif",0,"Terbaik bersih tempatny",""
"sangat_pendek","Positif",0,"Perjalanan lebih pd",""
"sangat_pendek","Positif",0,"pelayananya ramah"".",""
"sangat_pendek","Positif",0,"RSDK luar biasa",""
"sangat_pendek","Positif",0,"bagusss",""
"sangat_pendek","Positif",0,"Pelayanannya sangat nyaman",""
"sangat_pendek","Positif",0,"Pelayanannya super bagus",""
"sangat_pendek","Positif",0,"Serve like family",""
"sangat_pendek","Positif",0,"Ramah, pelayanan cepat",""
"sangat_pendek","Positif",0,"Sangat baik pokoknya",""
"sangat_pendek","Positif",0,"Pelayanan_nya bagus.",""
"sangat_pendek","Positif",0,"Sangat membantu informasinya",""
"sangat_pendek","Positif",0,"Perawatnya baik2",""
"sangat_pendek","Positif",0,"Perawatnya ramah2... Sopan",""
"sangat_pendek","Positif",0,"Pelayanan bagus, tingkatkan",""
"sangat_pendek","Positif",0,"Sempurna",""
"sangat_pendek","Positif",0,"Pelayanan bermutu",""
"sangat_pendek","Positif",0,"Pelayanannya top",""
"sangat_pendek","Positif",0,"Pelayanannya bagus banget...",""
"sangat_pendek","Positif",0,"Bgs bgt",""
"sangat_pendek","Positif",0,"Nyaman, Aman, Bersih",""
"sangat_pendek","Positif",0,"pelayanan yg ramah",""
"sangat_pendek","Positif",0,"Baik dan cepat",""
"sangat_pendek","Positif",0,"Tempaynya nyaman.",""
"sangat_pendek","Positif",0,"Pelayananna baik. Puas",""
"sangat_pendek","Positif",0,"Pelayanan administrasi cepat",""
"sangat_pendek","Positif",0,"Okey banget",""
"sangat_pendek","Positif",0,"Pelayanannya bagus..tempatnya nyaman..",""
"sangat_pendek","Positif",0,"pelayanan baik.",""
"sangat_pendek","Positif",0,"cepat, ramah, bersih",""
"sangat_pendek","Positif",0,"Bersih nyaman",""
"sangat_pendek","Positif",0,"Sudah bagus.",""
"sangat_pendek","Positif",0,"Pelayanan okeh",""
"sangat_pendek","Positif",0,"poli giginya terrrrmanteepp",""
"sangat_pendek","Positif",0,"makanannya enak..sedapppp.......",""
"sangat_pendek","Positif",0,"Makanannya sedep sedep",""
"sangat_pendek","Positif",1,"Grimis","Netral"
"sangat_pendek","Positif",0,"Petugasnya sangat ramah",""
"sangat_pendek","Positif",0,"Pelayanannya sangat memuaskan",""
"sangat_pendek","Positif",0,"Pelayanan Bagus bngt",""
"sangat_pendek","Positif",0,"RSUD sangat bagus",""
"sangat_pendek","Positif",0,"baguss",""
"sangat_pendek","Positif",0,"Sanget bagus pelayanannya",""
"sangat_pendek","Positif",0,"asik bangettt",""
"sangat_pendek","Positif",0,"sangat baik",""
"sangat_pendek","Positif",0,"Pelayanan ramah, terbaik...👍👍👍",""
"sangat_pendek","Positif",0,"berkualitas",""
"sangat_pendek","Positif",0,"enak banget",""
"sangat_pendek","Positif",0,"RSUD BANYUMAS TOP1️⃣",""
"sangat_pendek","Positif",0,"playanan sngt memuaskan",""
"sangat_pendek","Positif",0,"Dokter akbar best...",""
"sangat_pendek","Positif",0,"Pelayanan sesuai harapan",""
"sangat_pendek","Positif",0,"Siap melayani masyarakat",""
"sangat_pendek","Positif",0,"Pelayanan baik,ramah",""
"sangat_pendek","Positif",0,"Tempatnya bersih",""
"sangat_pendek","Positif",0,"Terbaik dah..",""
"sangat_pendek","Positif",0,"Pelayana terbaik",""
"sangat_pendek","Positif",0,"Pelayanan bagus, ramah.",""
"sangat_pendek","Positif",0,"Very helped",""
"sangat_pendek","Positif",0,"Baik komunikasinya",""
"sangat_pendek","Positif",0,"Baik Alhamdulillah terbantu",""
"sangat_pendek","Positif",0,"bagus.. aman..",""
"sangat_pendek","Positif",1,"Jam besuknya humanis","Netral"
"sangat_pendek","Positif",0,"Tempat tunggunya bersih",""
"sangat_pendek","Positif",0,"Tempatnya rapi",""
"sangat_pendek","Positif",0,"Berobat disini cepat",""
"sangat_pendek","Positif",0,"parkiran rapi",""
"sangat_pendek","Positif",0,"Pelayanan memuaskan,fasilitasnya bagus",""
"sangat_pendek","Positif",0,"Pelayanan nya bagus",""
"sangat_pendek","Positif",0,"Pelayanan 24jam",""
"sangat_pendek","Positif",0,"Cepat Ramah",""
"sangat_pendek","Positif",0,"Karena banyak penculik",""
"sangat_pendek","Positif",0,"Pelayanan okee",""
"sangat_pendek","Positif",0,"pelayanan yang ramah",""
"sangat_pendek","Positif",0,"Layanan baik",""
"sangat_pendek","Positif",0,"Pelayanan nya mantap....gercep",""
"sangat_pendek","Positif",0,"Bagusss pelayanannyaa",""
"sangat_pendek","Positif",0,"Pelayanannya cukup memuasakan",""
"sangat_pendek","Positif",0,"Good service",""
"sangat_pendek","Positif",0,"Pelayananya cepat",""
"sangat_pendek","Positif",0,"Pelayanannya cepat,tanggap,",""
"sangat_pendek","Positif",0,"sangat memuaskan pelayananya",""
"sangat_pendek","Positif",0,"Bagus, baik, ramah",""
"sangat_pendek","Positif",0,"Pelayanan bagus, memuaskan",""
"sangat_pendek","Positif",0,"Pelayanan super ramah..",""
"sangat_pendek","Positif",0,"Penangannya cepat,ramah",""
"sangat_pendek","Positif",0,"Alhamdulillah bagus pelayanannya",""
"sangat_pendek","Positif",0,"Sangat cukup puas",""
"sangat_pendek","Positif",0,"Great",""
"sangat_pendek","Positif",0,"Pelayanannya bagus,ruangan nyaman",""
"sangat_pendek","Positif",0,"Terimakssih",""
"sangat_pendek","Positif",0,"Tempatnya strategis",""
"sangat_pendek","Positif",0,"pelayanan baikk",""
"sangat_pendek","Positif",0,"Pelayanan cukupp memuaskan",""
"sangat_pendek","Positif",0,"Oke banget kinerjany",""
"sangat_pendek","Positif",0,"Ramah, baik, bagus",""
"sangat_pendek","Positif",0,"Orangnya ramah2",""
"sangat_pendek","Positif",0,"pelayanan fisioterapi bagus",""
"sangat_pendek","Positif",0,"Pelayanan laboratorium bagus",""
"sangat_pendek","Positif",0,"Pelayananya MANTAP!!!",""
"sangat_pendek","Positif",0,"pelayanan baik tingkatkan",""
"sangat_pendek","Positif",0,"termksh pelayanannya bagus",""
"sangat_pendek","Positif",0,"Terbaikkk",""
"sangat_pendek","Positif",0,"Rungan Ibs mantap",""
"sangat_pendek","Positif",0,"Rumah Sakit Terbaik...",""
"sangat_pendek","Positif",0,"Rswk mantap...",""
"sangat_pendek","Positif",0,"Bagus pelayanan nya",""
"sangat_pendek","Positif",0,"Pelayanannya okeeee",""
"sangat_pendek","Positif",0,"Sangat baik palayananya",""
"sangat_pendek","Positif",0,"sangat baikkk",""
"sangat_pendek","Positif",0,"Pelayan baik,ramah..",""
"sangat_pendek","Positif",0,"Mantapp, Ruang Antasena",""
"sangat_pendek","Positif",0,"trbaik",""
"sangat_pendek","Positif",0,"calm and comfortable",""
"sangat_pendek","Positif",0,"Ruang tunggu nyaman",""
"sangat_pendek","Positif",0,"This good",""
"sangat_pendek","Positif",0,"penanganganan nya cepat",""
"sangat_pendek","Positif",0,"Luar biasaaaaa",""
"sangat_pendek","Positif",0,"Pelayanan bagus,perawat ramah",""
"sangat_pendek","Positif",0,"Lumayan bagus memuaskan",""
"sangat_pendek","Positif",0,"Bagus,ramah",""
"sangat_pendek","Positif",0,"Semua pelayanan baik",""
"sangat_pendek","Positif",0,"baik sekali pelayannya",""
"sangat_pendek","Positif",0,"Pelayanannya sudah baik",""
"sangat_pendek","Positif",0,"Puas sama pelayanya",""
"sangat_pendek","Positif",0,"Baik dan informatif",""
"sangat_pendek","Positif",0,"baguss dan tanggap",""
"sangat_pendek","Positif",0,"Ok pelayanan baik",""
"sangat_pendek","Positif",0,"Alhamdulillah pelayanan baik",""
"sangat_pendek","Positif",0,"Sudah baik",""
"sangat_pendek","Positif",0,"Pelayanannya baik,ramah",""
"sangat_pendek","Positif",0,"Pelayanannya nyaman",""
"sangat_pendek","Positif",0,"Pelayanya sangat baik",""
"sangat_pendek","Positif",0,"Pelayan bagus memuaskan",""
"sangat_pendek","Positif",0,"Pelayanan dan kera",""
"sangat_pendek","Positif",0,"Memuaskan pelayanannya",""
"sangat_pendek","Positif",0,"ramah,penangannya cepat",""
"sangat_pendek","Positif",0,"Sesuai harapan pasien",""
"sangat_pendek","Positif",0,"Recomended",""
"sangat_pendek","Positif",0,"Bagus dan nyaman",""
"sangat_pendek","Positif",0,"Recommended",""
"sangat_pendek","Positif",0,"pelayanannya cepat.. rmah",""
"sangat_pendek","Positif",0,"Super fast...mantaap",""
"sangat_pendek","Positif",0,"Pelayanannya okee Bersih",""
"sangat_pendek","Positif",0,"melayani dengan baik",""
"sangat_pendek","Positif",0,"Bagus fasilitasnya",""
"sangat_pendek","Positif",0,"Bersih dan nyaman",""
"sangat_pendek","Positif",0,"layanan ramah, gercep",""
"sangat_pendek","Positif",0,"Ramah pelayanannya",""
"sangat_pendek","Positif",0,"Tempat yang bagus",""
"sangat_pendek","Positif",0,"Excellent place,",""
"sangat_pendek","Positif",0,"Alhamdulilah pelayanannya memuaskan🙏🙏",""
"sangat_pendek","Positif",0,"Pelayanan IGD puas",""
"sangat_pendek","Positif",0,"Terimakaih atas pelayananya😊",""
"sangat_pendek","Positif",0,"pertahankan pelayanannya",""
"sangat_pendek","Positif",0,"Pelayanan sudah prima",""
"sangat_pendek","Positif",0,"Sudah baik pelayanannya",""
"sangat_pendek","Positif",0,"pelayananya okelah",""
"sangat_pendek","Positif",0,"Excelent service",""
"sangat_pendek","Positif",0,"Memeuaskan bagus",""
"sangat_pendek","Positif",0,"Dokter ramah",""
"sangat_pendek","Positif",0,"Mantap pelayananya",""
"sangat_pendek","Positif",0,"pelayanan baik l",""
"sangat_pendek","Positif",0,"Pelayanan mantap pokoknyaaa",""
"sangat_pendek","Positif",0,"Bagus bangett",""
"sangat_pendek","Positif",0,"sangatt josjiss🤙🏻",""
"sangat_pendek","Positif",0,"baik, ramah, komplit",""
"sangat_pendek","Positif",0,"Pelayanan oke bgt",""
"sangat_pendek","Positif",0,"pelayanannya sangat baik",""
"sangat_pendek","Positif",0,"Baik ramah puas",""
"sangat_pendek","Positif",0,"Sangat menyenangkan",""
"sangat_pendek","Positif",0,"pelayanannya bagus, ramah",""
"sangat_pendek","Positif",0,"sangatt baik",""
"sangat_pendek","Positif",0,"Pelayananntasa sudah baik",""
"sangat_pendek","Positif",0,"Baikkk",""
"sangat_pendek","Positif",1,"Vaksin disini bocil","Netral"
"sangat_pendek","Positif",0,"pelayan terbaik",""
"sangat_pendek","Positif",0,"Pelayanan baik ramah,",""
"sangat_pendek","Positif",0,"Pelayanannya makin ok",""
"sangat_pendek","Positif",0,"Pelayanan Prima🥰",""
"sangat_pendek","Positif",0,"Pelayanan petugas ramah",""
"sangat_pendek","Positif",0,"Excelent",""
"sangat_pendek","Positif",0,"Perawatnya ramahhhhh",""
"sangat_pendek","Positif",0,"Bagus sekalih",""
"sangat_pendek","Positif",0,"Pelayanan masyarakat bagus",""
"sangat_pendek","Positif",0,"Bagus sekali",""
"sangat_pendek","Positif",0,"Pelayana bagus👍👍",""
"sangat_pendek","Positif",0,"Pelayanan cukup bagus",""
"sangat_pendek","Positif",0,"Radiologi memuaskan",""
"sangat_pendek","Positif",0,"Pelayanan bagus sekali,",""
"sangat_pendek","Positif",0,"The besttt!!",""
"sangat_pendek","Positif",0,"ramah, baik",""
"sangat_pendek","Positif",0,"Terbaikkkk 🤍🤍",""
"sangat_pendek","Positif",0,"Sangatbaik",""
"sangat_pendek","Positif",0,"Alhamdulilah pelayanan baik",""
"sangat_pendek","Positif",0,"Pela6ann cepat terpercaya",""
"sangat_pendek","Positif",0,"Ramah dan terbaik",""
"sangat_pendek","Positif",0,"Sangat nyaman",""
"sangat_pendek","Positif",0,"Pelayanan jnggul terpercaya",""
"sangat_pendek","Positif",0,"Mantap peayann terpercaya",""
"sangat_pendek","Positif",0,"IGD bagus pelayanannya...trims",""
"sangat_pendek","Positif",0,"Bagusa,nyaman, perawatnya asik",""
"sangat_pendek","Positif",0,"Baik, nyaman",""
"sangat_pendek","Positif",0,"Bersih wangi terbaik",""
"sangat_pendek","Positif",0,"nyaman, luas,pelayanan oke",""
"sangat_pendek","Positif",0,"Penanganan sangat baik",""
"sangat_pendek","Positif",0,"Jos jos pokoke",""
"sangat_pendek","Positif",0,"Bagus. Ramah sekali👍",""
"sangat_pendek","Positif",0,"Sangat ramah petugasnya",""
"sangat_pendek","Positif",0,"pelayanan sangatt bagus",""
"sangat_pendek","Positif",0,"petugas radiologinya ramah👍👍",""
"sangat_pendek","Positif",0,"Pelayanan cepat terpercaya",""
"sangat_pendek","Positif",0,"Pelayanan MR Baik",""
"sangat_pendek","Positif",0,"Responsif, efisien👌💯",""
"sangat_pendek","Positif",0,"Fasilitas terbaik",""
"sangat_pendek","Positif",1,"Rumah sakit ok","Netral"
"sangat_pendek","Positif",1,"Ruang melati","Netral"
"sangat_pendek","Positif",0,"rs terbaikkk😍",""
"sangat_pendek","Positif",0,"Bagus... Joosss..",""
"sangat_pendek","Positif",0,"pekerjanya ramah-ramah 👍🏻",""
"sangat_pendek","Positif",0,"Memuaskann",""
"sangat_pendek","Positif",0,"Best",""
"sangat_pendek","Positif",0,"Sangat oke",""
"sangat_pendek","Positif",0,"Tempatnya bersih,pelayanan bagus",""
"sangat_pendek","Positif",0,"Tempat strategis.",""
"sangat_pendek","Positif",0,"Cukup bagus pelayanannya",""
"sangat_pendek","Positif",0,"10/10 nyaman",""
"sangat_pendek","Positif",0,"RS the best",""
"sangat_pendek","Positif",0,"Pelayanan nyaman",""
"sangat_pendek","Positif",0,"Layanan bagus",""
"sangat_pendek","Positif",0,"Memuaskan! pelayanannya mantap👍🏻",""
"sangat_pendek","Positif",0,"aman nyaman",""
"sangat_pendek","Positif",0,"Oke banget",""
"sangat_pendek","Positif",0,"Rekam medis mantul",""
"sangat_pendek","Positif",0,"nyaman sekali",""
"sangat_pendek","Positif",0,"JIH Istimewa",""
"sangat_pendek","Positif",0,"Kebersihanya luar biasa",""
"sangat_pendek","Positif",0,"Joosss",""
"sangat_pendek","Positif",0,"Mengutamakan Kepuasan Pelanggan",""
"sangat_pendek","Positif",0,"Bersih",""
"sangat_pendek","Positif",0,"Pelayananya sangat ramah",""
"sangat_pendek","Positif",0,"Rs terbaik!",""
"sangat_pendek","Positif",0,"Perawat nya ramah",""
"sangat_pendek","Positif",0,"Memuaskan,bagus",""
"sangat_pendek","Positif",0,"Pegawanya ramah ramah",""
"sangat_pendek","Positif",0,"Pelayanan hd baik",""
"sangat_pendek","Positif",0,"Penangan BPJS Bagus",""
"sangat_pendek","Positif",0,"RS Swasta terbaik",""
"sangat_pendek","Positif",0,"Fast respon banget",""
"sangat_pendek","Positif",0,"Lumayan nunggunya",""
"sangat_pendek","Positif",0,"Perfect",""
"sangat_pendek","Positif",0,"Bagus tempatnya",""
"sangat_pendek","Positif",0,"radiologi baik",""
"sangat_pendek","Positif",0,"mantapp pelayananya",""
"sangat_pendek","Positif",0,"pelayanan sangat memuaskan",""
"sangat_pendek","Positif",0,"Lingkungannya bersih",""
"sangat_pendek","Positif",0,"RS Swasta terbaik.....",""
"sangat_pendek","Positif",0,"Jos jis",""
"sangat_pendek","Positif",0,"Bgus",""
"sangat_pendek","Positif",0,"Pelayanan ny bagus..ramah..",""
"sangat_pendek","Positif",0,"pelayanan menyenangkan",""
"sangat_pendek","Positif",0,"mantap",""
"sangat_pendek","Positif",0,"RSU bagus",""
"sangat_pendek","Positif",0,"IGDnya cukup baik",""
"ucapan_doa","Netral",0,"terimakasih atas pelayanan ibu saya di ruang kresna,,🙏",""
"ucapan_doa","Netral",0,"Terima kasih telah membantu proses lahiran istri saya.",""
"ucapan_doa","Netral",0,"Semoga ke depan pelayanannya diperbaiki lagi",""
"ucapan_doa","Netral",0,"Terima kasih ku ucapkan pd rsi",""
"ucapan_doa","Netral",0,"Di rsi sekarang dokternya lengkap ya,semoga semakin jaya👍",""
"ucapan_doa","Netral",0,"pasien dokter arinton ruang d4,terimakasih atas pelayanannya",""
"ucapan_doa","Netral",0,"Trimakasih sejak Oktober 2016.",""
"ucapan_doa","Netral",0,"Semoga semakin amanah",""
"ucapan_doa","Positif",0,"Mantap, terimakasih🥰 RSOP SOKARAJA PURWOKERTO",""
"ucapan_doa","Positif",0,"Pelayanan sangat cepat dan baik, terimakasih banyak",""
"ucapan_doa","Positif",0,"Pelayanannya ramah,hasilnya memuaskan makasih rsop 🥰",""
"ucapan_doa","Positif",0,"Terimakasih RSOP",""
"ucapan_doa","Positif",0,"Pelayanan prima..cepat tanggap Terimakasih atas pelayanannya",""
"ucapan_doa","Positif",0,"pelayanan baik dan ramah, terimakasih rs orthopedi",""
"ucapan_doa","Positif",0,"Terimakasih rohaniawan sangat terkesan,semogajd hikmah BG saya🙏🙏👍👍",""
"ucapan_doa","Positif",1,"Terimakasih...","Netral"
"ucapan_doa","Positif",0,"Pelayanan sangat baik ramah dan bersih Terimakasih",""
"ucapan_doa","Positif",0,"Pelayanan yang sangat baik dan ramah, terimakasih..",""
"ucapan_doa","Positif",0,"Pelayanan sangat baik,cepat dan memuaskan Terimakasih 😊",""
"ucapan_doa","Positif",0,"Pelayanan cepat, nyaman, ramah parkir jg luas Terimakasih",""
"ucapan_doa","Positif",0,"Pelayanan ramah, terima kasih",""
"ucapan_doa","Positif",0,"Respon cepat Terimakasih RSU sinar Kasih",""
"ucapan_doa","Positif",0,"Terima kasih untuk pelayananya",""
"ucapan_doa","Positif",0,"Penangan sangat baik, semua ramah... Semoga selalu dijaga...",""
"ucapan_doa","Positif",0,"Semoga pelayanan semakin lebih baik dg penuh kasih",""
"ucapan_doa","Positif",0,"Nyaman, semoga RSU Amanah Sumpiuh semakin maju",""
"ucapan_doa","Positif",0,"di rs amanah palayananbaik,, cepat ditangani.",""
"ucapan_doa","Positif",0,"pelayanan di RS amanah baik",""
"ucapan_doa","Positif",0,"Pelayanan di RS amanah Sumpiuh bagus dan memuaskan",""
"ucapan_doa","Positif",0,"Alhamdulillah,, pelayanannya baik sekali Terima kasih",""
"ucapan_doa","Positif",0,"Pelayanan baik. Pendaftaran cepat. Terimakasih 🤲",""
"ucapan_doa","Positif",0,"Pelayanan bersalin di RSu amanah memuaskan",""
"ucapan_doa","Positif",0,"Sukses selalu untuk Rs amanah sumpiuh...pelayanan semakin baik",""
"ucapan_doa","Positif",0,"Ruangan nyaman, nakesnya ramah2. Semoga sukses ya",""
"ucapan_doa","Positif",0,"Gedung baru yg bagus, semoga semakin sukses",""
"ucapan_doa","Positif",0,"Sangat membantu masyarakat.semoga rsu amanah semakin maju",""
"ucapan_doa","Positif",0,"Selamat menuju RS yg lebih amanah",""
"ucapan_doa","Positif",0,"Rsu amanah sumpiuh recomended,",""
"ucapan_doa","Positif",0,"Semoga RSnya amanah selalu😁",""
"ucapan_doa","Positif",0,"Pelayanan di RSU Amanah sumpiuh sudah sangat baik.",""
"ucapan_doa","Positif",0,"Alhamdulillah luar biasa baik pelayanannya, terima kasih",""
"ucapan_doa","Positif",0,"Tempat nyaman, pelayanan baik dan ramah,. Terimakasih",""
"ucapan_doa","Positif",0,"Semoga makin memuaskan pelanggan....",""
"ucapan_doa","Positif",0,"Pelayanan ramah, ruangan bersih. Terimakasih RS Elisabeth Purwokerto",""
"ucapan_doa","Positif",1,"terima kasih atas pelayanannya 😊😊","Netral"
"ucapan_doa","Positif",0,"Elisabet kerja nyata.terimakasih buat rs elisabet.",""
"ucapan_doa","Positif",0,"Pelayanan sangat bagus,terimakasih❤️",""
"ucapan_doa","Positif",0,"Terimakasih untuk pelayananya kami merasa puas",""
"ucapan_doa","Positif",0,"Terimakasih atas pelayanan terbaiknya, semoga sukses selalu semuanya",""
"ucapan_doa","Positif",0,"Ruang kebidanan. Pelayanan ramah dan baik. Terimakasih",""
"ucapan_doa","Positif",0,"Pelayanan sanagat baik dan ramah trimakasih rs elizabeth",""
"ucapan_doa","Positif",0,"Terimakasih kasih atas pelayanan ruang bidan yang cantik",""
"ucapan_doa","Positif",0,"Pelayanannya ramah dan jelas. Terimakasih. Pertahankan terus.",""
"ucapan_doa","Positif",0,"Semoga semakin maju dan jaya RSU.St.Elisabeth Purwokerto",""
"ucapan_doa","Positif",0,"Dokter dan perawatnya sabar ramah,,,,terimakasih Rs elisabet purwokerto.",""
"ucapan_doa","Positif",0,"Semoga semakin maju dan berkembang terus...",""
"ucapan_doa","Positif",0,"Mantap, terimakasih",""
"ucapan_doa","Positif",1,"Terimakasih event kgbn","Netral"
"ucapan_doa","Positif",0,"Trimakasih atas pelayanan nya",""
"ucapan_doa","Positif",0,"Layanannya baik ya trimakasih RSGM",""
"ucapan_doa","Positif",0,"Terima kasih, pelayanan sangat baik, ramah & cepat",""
"ucapan_doa","Positif",0,"dokternya ramah dan baik, pelayanannya oke, terima kasih",""
"ucapan_doa","Positif",0,"Sangat Berkesan Terima Kasih",""
"ucapan_doa","Positif",0,"Pelayanan prima. Terima kasih rsgm",""
"ucapan_doa","Positif",0,"Terimakasih pelayanan memuaskan.",""
"ucapan_doa","Positif",0,"Pelayanan ramah, prosedur penanganan cepat. Terimakasih RSGMP Unsoed",""
"ucapan_doa","Positif",0,"Terimakasih atas layanan nya dan semoga bermanfaat",""
"ucapan_doa","Positif",1,"Terima Kasih banyak","Netral"
"ucapan_doa","Positif",1,"terima kasih","Netral"
"ucapan_doa","Positif",1,"Semoga rsu hidayah makin maju sukses selalu","Netral"
"ucapan_doa","Positif",0,"Pelayanan poliklinik cepat dibanding RS sebelah, terimakasih",""
"ucapan_doa","Positif",0,"Pelayanan poliklinik sangat bagus, petugas ramah, terimakasih",""
"ucapan_doa","Positif",0,"Rsu Medika lestari pelayanany bagus, terimakasih",""
"ucapan_doa","Positif",0,"Pelayanan baik, terimakasih",""
"ucapan_doa","Positif",0,"Pelayanan Sangat baik.. Terimakasih",""
"ucapan_doa","Positif",0,"Pelayanannya sangat ramah.terima kasih rsu medika lestari.",""
"ucapan_doa","Positif",0,"Terimakasih untuk keramahan pelayananannya",""
"ucapan_doa","Positif",1,"Terimakasih untuk pelayanannya","Netral"
"ucapan_doa","Positif",0,"Petugas runah sakit sigap dan cepat Terimakasih",""
"ucapan_doa","Positif",0,"Pelayanan ramah.Dokternya komunikatif. Drivernya cekatan. Tempatnya nyaman.trimakasih",""
"ucapan_doa","Positif",1,"Semoga kedepannya lebih baik lagi.","Netral"
"ucapan_doa","Positif",0,"Terimakasih sudah memberi pelayanan yang bagus dan baik",""
"ucapan_doa","Positif",0,"Pelayanan baik dan prima, terimakasih",""
"ucapan_doa","Positif",0,"Perwatnya ramah2. Terimakasih rsu dadi keluarga",""
"ucapan_doa","Positif",0,"pelayanane ramah2 , Terima kasih rs dadi keluarga",""
"ucapan_doa","Positif",0,"Sangat puas, trimakasih rsdk :)",""
"ucapan_doa","Positif",0,"Perawatnya baik, semoga rsdk tetap paripurna",""
"ucapan_doa","Positif",0,"Pelayanan di RSDK memuaskan, terimakasih",""
"ucapan_doa","Positif",0,"Respon cepat dan informatif, terimakasih",""
"ucapan_doa","Positif",0,"Pelayanannya memuaskan terimakasih",""
"ucapan_doa","Positif",0,"Pelayanannya memuaskan, terimakasih RS ananda",""
"ucapan_doa","Positif",0,"Pelayannya sangat memuaskan trimakasih",""
"ucapan_doa","Positif",0,"Semuanya pelayanannya bagus, terima kasih RS ananda..",""
"ucapan_doa","Positif",0,"tempatnya nyaman bagian pendaftaran ramah2. terimakasih",""
"ucapan_doa","Positif",0,"Pelayanan udah bagus. Semoga sukses RS Ananda",""
"ucapan_doa","Positif",0,"Alhamdulillah pelayanan cepat dan ramah, terimakasih RS Ananda.",""
"ucapan_doa","Positif",0,"Terima kasih ananda, pelayanannya memuaskan",""
"ucapan_doa","Positif",0,"Terimakasih RSU Ananda, Karyawan ramah dan tempat nyaman",""
"ucapan_doa","Positif",0,"pelayanan oke, semoga lebih baik lagi",""
"ucapan_doa","Positif",1,"Semoga tambah maju aamiin","Netral"
"ucapan_doa","Positif",1,"Semoga RSUD Banyumas makin Jaya serta Sukses","Netral"
"ucapan_doa","Positif",0,"Pelayanan sangat memuaskan.. Semoga selalu berjaya ..",""
"ucapan_doa","Positif",0,"Terimakasih RSUD Banyumas, sukses selalu dan semakin jaya👍👍",""
"ucapan_doa","Positif",0,"RSUD Banyumas Semoga semakin maju dan berkembang",""
"ucapan_doa","Positif",0,"pelayanan cepat, ramah, semoga kedepannya semakin baik.💪🏻",""
"ucapan_doa","Positif",0,"Pelayanan baik dan alhamdulilah membaik sakitnya terimakasih",""
"ucapan_doa","Positif",0,"Pelayanan baik tempatnya nyaman petugasnya ramah terimakasih",""
"ucapan_doa","Positif",0,"Ruang camar perawatan baik dan memuaskan terimakasih banyak",""
"ucapan_doa","Positif",0,"Pelayanan baik petugasnya sopan dan sigap membantu terimakasih",""
"ucapan_doa","Positif",0,"Perawatan diruang camar sangat baik, perawatnya ramah. Terimakasih",""
"ucapan_doa","Positif",0,"Baik dan ramah semoga makin maju",""
"ucapan_doa","Positif",0,"Pelayanan memuskan dokternya baik petugasnya ramah terimakasih",""
"ucapan_doa","Positif",0,"Pelayanan baik memuaskan terimakasih",""
"ucapan_doa","Positif",0,"Pelayanan memuaskan maju terus rsud ajibarang terimakasih",""
"ucapan_doa","Positif",0,"Alhamdililah membaik sakitnya pelayanan cepat dan baik terimakasih",""
"ucapan_doa","Positif",1,"Alhamdulilah sakitnya berangsur membaik terimakasih","Netral"
"ucapan_doa","Positif",0,"alhamdulillah sudah membaik dokternya baik terimakasih",""
"ucapan_doa","Positif",0,"semenjak berobat dsini sakitnya membaik pelayanan ramah terimakasih",""
"ucapan_doa","Positif",0,"Pelayanan cepat sejak pake online sangat membantu terimakasih",""
"ucapan_doa","Positif",0,"pelayanan.memuaskan.petugasnya.satset terimakasih",""
"ucapan_doa","Positif",0,"Petugas dan pelayanan baik memuaskan terimakasih",""
"ucapan_doa","Positif",0,"Pelayanan baik dan Alhamdulillah membaik sakitnya terimakasih",""
"ucapan_doa","Positif",0,"Alhamdulillah sakitnya membaik pelayanan cepat memuaskan Terimakasih",""
"ucapan_doa","Positif",0,"Petugas nya baik baik dokternya ramah terimakasih",""
"ucapan_doa","Positif",1,"Alhamdulillah membaik terimakasih semoga semakin maju RSUD Ajibarang","Netral"
"ucapan_doa","Positif",0,"Pelayanan memuaskan dan cepat terima kasih",""
"ucapan_doa","Positif",0,"Pelayanan baik dan pendaftaran online sangat membantu terimakasih",""
"ucapan_doa","Positif",0,"Pelayanannya okeee,semoga makin maju",""
"ucapan_doa","Positif",0,"Petugasnya ramah dan pelayanan baik terimakasih",""
"ucapan_doa","Positif",0,"Pelayanannya baik dan petugasnya ramah2. Terimakasih RSUD Ajibarang",""
"ucapan_doa","Positif",0,"Pelayanan memuaskan dan petugasnya ramah terimakasih",""
"ucapan_doa","Positif",0,"Petugasnya ramah dan gercep pelayanan jg baik terimakasih",""
"ucapan_doa","Positif",0,"Pelayanan baik Dan cepat terimakasih",""
"ucapan_doa","Positif",0,"Pelayanan baik dan mudah terimakasih",""
"ucapan_doa","Positif",0,"Alhamdulillah semenjak berobat membaik dan pelayanan memuaskan terimakasih",""
"ucapan_doa","Positif",0,"Pelayanan baik dan cepat semoga sakitnya sembuh.. terimakasih",""
"ucapan_doa","Positif",0,"Pelayanan baik bagus alhamdulillah sembuh terima kasih",""
"ucapan_doa","Positif",0,"Terima kasih, pelayanan sangat bagus",""
"ucapan_doa","Positif",1,"Terima kasih pelayanannya bunda arif","Netral"
"ucapan_doa","Positif",0,"Pelayanan oke, cepat, dan ramah. Terima kasih banyak",""
"ucapan_doa","Positif",0,"Terimakasih RSIA Bunda Arif atas pelayanannya yg baik",""
"ucapan_doa","Positif",0,"Pelayanan nya baik cepat, semoga ditingkatkan lagi ya",""
"ucapan_doa","Positif",1,"Semoga lebih baik lagi","Netral"
"ucapan_doa","Positif",0,"Sangat memuaskan...terimakasih",""
"ucapan_doa","Positif",0,"Sangat memuaskan,pelayanan ramah"",terimakasih rsia bunda arif",""
"ucapan_doa","Positif",0,"bagus & memuaskan. terimakasih 🤗🤗🤗",""
"ucapan_doa","Positif",0,"Pelayanan sangat ramah.. recommended 🥰🥰🥰 terimakasih bunda arif",""
"ucapan_doa","Positif",0,"alhamdulillah melahirkannya dilancarkan. Terimakasih RSIA Bunda Arif",""
"ucapan_doa","Positif",1,"Terima kasih bunda arif...","Netral"
"ucapan_doa","Positif",0,"Alhamdulillah pelayanan nya bagus sangat memuaskan..terimakasih👍👍",""
"ucapan_doa","Positif",0,"terimakasih banyak atas pelayanan yang terbaik",""
"ucapan_doa","Positif",0,"Pelayanan sangat puas,semoga semakin maju",""
"ucapan_doa","Positif",0,"Terimakasih atas pelayanannya, pertahankan dan tingkatkan",""
"ucapan_doa","Positif",0,"Pelayanannya sangat ramah.. Semoga rswk semakin jaya...",""
"ucapan_doa","Positif",0,"Bagus, bersih, dan semoga menjadi rumah sakit terbaik",""
"ucapan_doa","Positif",0,"Perawat ramah,penangan cepet Terimakasih DKT🙏🏿🙏🏿🙏🏿",""
"ucapan_doa","Positif",0,"Pelayanan baik sekali. Saya merasa puas.... Terima kasih.",""
"ucapan_doa","Positif",0,"Terimakasih rs wijayakusuma atas pelayanannya cepat🙏🏻🙏🏻",""
"ucapan_doa","Positif",1,"Terimakasih rs dkt 🙏","Netral"
"ucapan_doa","Positif",0,"terimakasih pelayanannya bagus",""
"ucapan_doa","Positif",0,"Terimakasih atas pelayanannya...terbaik",""
"ucapan_doa","Positif",1,"Terimakasih rswk Jaya selalu","Netral"
"ucapan_doa","Positif",0,"Trimakasih ruang Antasena Sudah baik untuk pelayanan nya",""
"ucapan_doa","Positif",1,"terimakasih rumah sakit wijaya kusuma🙏 rame selalu🙏","Netral"
"ucapan_doa","Positif",1,"Terimakasih atas pelayanannya","Netral"
"ucapan_doa","Positif",0,"Trimakasih pelayanan sangat memuaskan 👍",""
"ucapan_doa","Positif",0,"memuaskan perawatan bagus perawatnya ramah2 trimakasih. 🙏🏽🙏🏽🙏🏽",""
"ucapan_doa","Positif",0,"Muantafff semoga bermanfaat untuk ummat",""
"ucapan_doa","Positif",0,"Pelayanannya bagus dan ramah, semoga dipertahankan dan ditingkatkan",""
"ucapan_doa","Positif",0,"Pelayanannya ramah,semoga ditingkatkan",""
"ucapan_doa","Positif",0,"Memuaskan ,,trimakasih",""
"ucapan_doa","Positif",0,"Pelayanan bagus ramah... Terimakasih sudah jd kepercayaan",""
"ucapan_doa","Positif",1,"Makasih","Netral"
"ucapan_doa","Positif",0,"Pelayanan Mantap, Terimakasih JIH",""
"ucapan_doa","Positif",0,"Terimakasih untuk pelayanannya yg sangat ramah",""
"ucapan_doa","Positif",0,"Pelayanan di IGD cepat dan memuaskan, Terimakasih semuanya",""
"ucapan_doa","Positif",0,"Terimakasih untuk pelayanan sunat di RSI ini",""
"ucapan_doa","Positif",0,"Pelayanan baik, terimakasih RS Islam",""
"ucapan_doa","Positif",1,"Barakallah 🤲🤲🤲","Netral"
"ucapan_doa","Positif",0,"suwun banget rsi aku dirawat ngasi mari.",""
"ucapan_doa","Positif",0,"Terimakasih untuk pelayannya bagus",""
"ucapan_doa","Positif",0,"InsyaAllah Sudah baik, terimakasih",""
"ucapan_doa","Positif",0,"Maju terus RSI Purwokerto semoga menjadi pilihan masyarakat",""
"ucapan_doa","Positif",0,"Pelayanane apik,suwun wes dirawat dengan baik .terimakasih",""
"ucapan_doa","Positif",0,"Pelayanan sudah baik,Tingkatkan pelayanan agar lebih baik lagi..terimakasih",""
"ucapan_doa","Positif",0,"Petugasnya ramah, ruangan bersih, cekatan petugasnya Terimakasih pelayanannya",""
"ucapan_doa","Positif",1,"Terimakasih untuk pelayanan di RSIP👍","Netral"
"ucapan_doa","Positif",1,"Semoga menjadi RS yg lebih lagi terimakasih","Netral"
"ucapan_doa","Positif",1,"Tingkatkan lagi pelayanannya Terima kasih 🙏🙏","Netral"
"ucapan_doa","Positif",0,"Pelayanan sudah baik,saya dirawat di arahman merasa puas.tetimakasih",""
"ucapan_doa","Positif",0,"Pelayanan sudah baik, terimakasih sudah merawat bapak saya",""
"ucapan_doa","Positif",0,"Terimakasih sudah merawat saya dengan baik.maju terus 🥰🙏🏻",""
"ucapan_doa","Positif",0,"Terimakasih sudah maeraeat anak saya dengan baik",""
"ucapan_doa","Positif",1,"Terimakasih, sukses selalu dalam melayani pasien nggih","Netral"
"ucapan_doa","Positif",1,"terima kasih sdh membantu merawat putri kami","Netral"
"ucapan_doa","Positif",1,"Tingkatkan terus pelayanan agar tetap baik.terimakasih","Netral"
"ucapan_doa","Positif",1,"Terimakasih atas pelayanan yg telah diberikan","Netral"
"ucapan_doa","Positif",0,"Ruangan bersih. Semoga pelayanan semakin bagus",""
"ucapan_doa","Positif",0,"Pelayanannya sudah sangat baik. Terimakasih RSI purwokerto",""
"ucapan_doa","Positif",0,"Sudah baik pelayanannya, terima kasih",""
"ucapan_doa","Positif",1,"Pasien dr wahyu iso Terimakasih perawatanya","Netral"
"ucapan_doa","Positif",0,"Pelayanannya baik dan profesiona Terimakasih RSU Bunda Purwokerto",""
"ucapan_doa","Positif",0,"Terima kasih atas pelayanan primanya 🙏🙏",""
"ucapan_doa","Positif",0,"Terima kasih atas pelayanan yg memuaskan kepada kami",""
"ucapan_doa","Positif",0,"Penyangganya bagus terimakasih rumah sakit sinar kasih",""
"ucapan_doa","Positif",0,"Pelayanan sangat Baik sekali Terimakasih 🙏🙏🙏",""
"ucapan_doa","Positif",0,"Terimakasih banyak 🙏Terbaikkkkkkk",""
"ucapan_doa","Positif",0,"Terima kasih untuk pelayananya, semoga pelayananya selalu prima",""
"ucapan_doa","Positif",0,"pelayanan dirumah sakit amanah sangat baik dan memuaskan",""
"ucapan_doa","Positif",0,"Pelayan memuaskan. Semoga lebih baik lagi.",""
"ucapan_doa","Positif",1,"Makasih sudah terpercaya","Netral"
"ucapan_doa","Positif",1,"alhamdulillah sudah sehat terimakasih","Netral"
"ucapan_doa","Positif",0,"Alhamdulillah sakitnya membaik pelayanan memuaskan terimakasih",""
"ucapan_doa","Positif",1,"Semoga RSWK makin maju","Netral"
"ucapan_doa","Positif",0,"Terima kasih ..merawat pasien dengan sangat bagus, 🫡",""
"ucapan_doa","Positif",1,"Semoga kedepan nya lebih baik lg","Netral"
"ucapan_doa","Positif",1,"terimakasih atas pelayananya","Netral"
"ucapan_doa","Positif",0,"Pelayanannya super baik.terimakasih RS DADI KELUARGA.",""
"ucapan_doa","Positif",0,"Pelayanan baik semua sudah bagus terimakasih",""
"ucapan_doa","Positif",0,"Pelayanan baik alhamdulilah sakitnya sembuh terimakasih",""
"ucapan_doa","Positif",0,"Terimakasih telah memberikan layanan terbaik",""
"ucapan_doa","Positif",0,"Pelayanan terbaik, terimakasih RSOP.",""
"ucapan_doa","Positif",1,"Terima kasih rsop ditingkatkan trs pelayanan nya ya","Netral"
"ucapan_doa","Positif",0,"bersih, ramah dan baik sekali. terimakasih",""
"ucapan_doa","Positif",0,"Pelayanan diaini memuaskan, tetimakasih suster aliya",""
"ucapan_doa","Positif",1,"RS Hermina terimakasih pelayanan nya,maju terus","Netral"
"ucapan_doa","Positif",0,"pelayanan baik,cukup puas terimakasih 🙏🙏",""
"ucapan_doa","Positif",0,"Pelayanan baik cepat dan petugas ramah sopan terimakasih",""
"ucapan_doa","Positif",0,"Sudah baik pelayanan tingkatkan terus terima kasih",""
"ucapan_doa","Positif",1,"Terimakasih atas kerjasamanya untuk ruang Kresna good","Netral"
"ucapan_doa","Positif",1,"Pasien dr wahyu R.iso Terimakasih atas perawatanya 👍","Netral"
"ucapan_doa","Positif",0,"ktk pelayanan baik..terimakasih hermina pwt.",""
"ucapan_doa","Positif",0,"Pelayanan nya sudah baik,terimakasih🫶🏻👍🏻",""
"ucapan_doa","Positif",0,"Sudah memuaskan pelayanan pertahankan dan tingkatkan terus terimakasih",""
"ucapan_doa","Positif",0,"Pelayanan bagus, petugasnya ramah dan informatif. Terumakasih",""
"ucapan_doa","Positif",0,"Pelayanannya memuaskan, dokternya lengkap.. terima kasih banyakk",""
"ucapan_doa","Positif",0,"Mantap semoga sukses",""
"ucapan_doa","Positif",0,"Pelayanan gercep... Terimakasih RS Elisabeth 👍",""
"ucapan_doa","Positif",0,"Terimakasih atas pelayanan yang baik",""
"ucapan_doa","Positif",0,"Pelayanannya bagus dan ramah, tempatnya pun nyaman, terimakasih",""
"ucapan_doa","Positif",0,"Pelayanan sangat bagus,cepat dan tanggap..terimakasih JIH🤍",""
"ucapan_doa","Positif",1,"Pelayanan 👍. Semoga semakin bermanfaat untuk masyarakat Banyumas","Netral"
"ucapan_doa","Positif",0,"pelayanan ramah, tempatnya nyaman semoga semakin jaya",""
"ucapan_doa","Positif",0,"Trimakasih untuk RS ortopedi,pelayanan bagus ramah,cepat sat set.",""
"ucapan_doa","Positif",0,"Penanganannya cepat dan pelayanan nya ramah, terimakasih 😊",""
"ucapan_doa","Positif",0,"Pelayanannya memuaskan sekali, semoga selalu bagus ya",""
"ucapan_doa","Positif",0,"terimakasih sudah memberikan pelayanan yang terbaik",""
"ucapan_doa","Positif",0,"Sangat memuaskan pelaynnya terimakasih PKU manah sumpiuh",""
"ucapan_doa","Positif",0,"Pelayanan SDH bagus,Memuaskan,Terimakasih SDH dibantu ndaftarin MJKN",""
