"text","label"
"Sya pasien dr sugrisno ibu isa dikmar t5 .sya sngg puas dg pelayannha bidanya cantik cntik dan ramah ..kebidanan memnah jos jis","Positif"
"perawatan di lantai 4 padma, pelayanan baik, semua suster membantu, kebetulan saya op tulang selangka karna tertabrak, alhamdullilah op nya sudah selesai bersama dokter hidayat dan sudah boleh pulang, terima kasih untuk rs hermina purwokerto dan staf yang bertugas..","Positif"
"dirawat di RS hermina purwokerto untuk keseluruhan baik, apalagi perawat nya ramah dan cantik, anak saya di rawat di lantai 4 kamar 406","Positif"
"Pelayanan di ruang hd hermina baik, perawat dan dokternya","Positif"
"saya dirawat dikamar 511 lantai 5 perawatnya ramahh sabar dan baikkk bangetttt, trimaksih hermina purwokerto","Positif"
"Ruangannya bersih di VIP padma, petugas juga cekatan dan profesional. Administrasi baik dan tertib","Positif"
"Radiologi baik","Positif"
"Utk radiologi Pelayanan baik sekali","Positif"
"Pelayanan judes banget terutama di poli paru","Negatif"
"Saya keluarga pasien Bu Wasem di rawat di kenari bawah pelayanan nya sudah baik, terimkasih","Positif"
"Pelayanan di RS Dadi keluarga Sip, perawat dan dokternya baik dan ramah","Positif"
"Penangan BPJS Bagus","Positif"
"Pelayanan prima dengan penuh kehangatan dan profesional","Positif"
"terima kasih untuk RS Ananda yang mendengarkan keluh kesah pasien, semoga admin RS bisa satu arah saja kedepannya, jadi pasien bisa segera tertangani tanpa harus kebingungan karena harus pindah chat sana sini.

Dokter, bidan, suster dan team RS Ananda sangat baik dan profesional ⭐️⭐️⭐️⭐️⭐️","Positif"
"RS Swasta terbaik.....","Positif"
"Baik","Positif"
"Pelayanannya simpel dan ramah,rekomended untuk berobat","Positif"
"Alhamdulilah.. di rawat di siaga medika Pemalang.. baik..ramah..makasih..sudah di bantu swgala nya","Positif"
"Jos jis","Positif"
"Good","Positif"
"Bgus","Positif"
"Hebat semuanya Alhamdulillah luar biasa","Positif"
"pernah tambal gigi di sini, dokter dan perawatnya ramah dan dijelasin banget. terima kasih RSGM UNSOED","Positif"
"Pelayanan baik sudah di bantu dan di edukasi pelayanan rawat jalan terima kasih infomrasi.","Positif"
"Pertama kali anak ku dirujuk dan ke JIH ..rumah sakit sangat baik pelayanan kepada kamu yg pasein BPJS..dari lobby administrasi,suster2 full senyum Raman..maju terus JIH.","Positif"
"Rumah sakit nya bagus, ga ky di rs pd umumnya.. Dokter & assisten nya profesional.","Positif"
"Fast respon banget","Positif"
"Pelayan sigap ramah dan cepat delallu memuaskan do setiap edukasi pelayannnya, ga pernah kecewa kalo make  BPJS disni 😉😊😇🥰😍","Positif"
"Handal dan terpercaya dalam menyigapi pasien pasien BPJS kesehatan","Positif"
"Pelayanan memang jos top dan terbaik tertuma dalam mengurusi pasien pasien BPJS","Positif"
"Pelayan sigal ceoat ganggal respon sif hntuk padien pasien lengguna BPJS","Positif"
"Jadi andalan berobat menggunakan BPJS pokoke top markotop","Positif"
"Pelayanan sigap cekatan dalam penanganan pasien pasien pengguna BPJS","Positif"
"pelayanan Penang anang patients BPJS SANG AT SANG AT TERBAIK","Positif"
"Pelayanan SDH bagus,Memuaskan,Terimakasih SDH dibantu ndaftarin MJKN","Positif"
"Bagus","Positif"
"Langganan selalu di RS BUDHI ASIH memang pelayanannya trbaik..😍🥰🥰 rekomend bgt buat bunda2 yg lain","Positif"
"Alhamdulillah bisa periksa dan persalinan disini,
Bagus semua dari dokter,bidan,ahligisi,dan yg lain lainnya,sampai security dan kang parkirnya","Positif"
"Belum secara langsung periksa di RS ini, namun saya menghubungi contact di sosial medianya luar biasa responsif dan memberikan informasi dengan sabar, rinci, dan memberi solusi.
semoga layanan di RS nya juga demikian","Positif"
"Jazakhumullah khoiran katsiran
Atas pelayanan yg baik , setiap kali minta rujukan🙏","Positif"
"Pernah tambal dan bersihin karang gigi disini, dokternya sabar dn dijelasin sampek jelas top. trmksh","Positif"
"Rumah sakite tah pelayanane apik, bersih, tapi sayang satpame kurang RAMAH,","Positif"
"Kamarnya tidak brisik jadi nyaman","Positif"
"RS Jatiwinangun Purwokerto,melayani dgn mudah dan cepat,buat pasien seperti saya,yg memakai KIS-BPJS.saya Agus Irawansyah.","Positif"
"Assalamualaikum wr.wb
Saya ingin membagikan kebahagiaan yg kami kepada pejuang cancer di RSUD Banyumas dan sekitarnya... Alhamdulillah kabar baik itu akhirnya datang juga.. Alhamdulillah ibu saya bisa melanjutkan kemo beva secara gratis di RS Banyumas ini..saya sangat berterimakasih kepada RSUD Banyumas khususnya untuk Dr.Ery Perdana dan tim (kemuning) yg sudah dgn sangat baik melayani   proses kemoterapi ibu saya dr awal hingga akhir,dan sayapun sebagai anak JD semangat menemani proses kemoterapi ibu walaupun harus bolak balik jakarta- Banyumas 3 Minggu sekali...tak henti2nya kami berucap syukur kepada Allah SWT, rasa terimakasih kami kepada Dr.Ery Perdana,tim kemuning,tim Dahlia yg sdh sangat membantu selama proses kemoterapi..
Harapan kami kedepannya kemo beva ini bisa terus berjalan secara gratis..agar para pejuang cancer bisa terus survive,tidak patah semangat dan terus semangat untuk sehat...

Semangat sehat","Positif"
"Kalau hasil lab blm keluar jgn lgsg lapor desa kena penyakit pdhl hasile lab negatif udah dicek sampe dua kali ttp negatif keburu lapor desa kan JD gosip bijak sedikit dong jgn apa"" buru""tanggung jwbnya mana untuk bersihin nama baik pasien asal diagnosa pas dicek lab negatif udah buru"" lapor desa rumah sakit bagaimana siy ini","Negatif"
"Radiografer nya baik” semua","Positif"
"Pelayanan bintang 5 10 jempol top asli bukan katanya katanya tapi pengalaman pribadi saat persalinan istriku semua tenaga medis dan stafnya gercep Rama komunikatif dan sangat membantu kami, padahal kami pake BPJS, dan keperluan utk pengurusan BPJS anak kami pun dibantu dengan gercep tanpa bertele tele, bravo RSUD BMS terimaksih sekali dan selalu tingkatkan pelayanannya, terimaksih","Positif"
"Apik pelayanan di ruang elang","Positif"
"Cukup nggo pengalaman aku Karo bojoku nek arep lahiran aja neng RSUD ajibarang pelayanan'e kurang apa maning suster perawatte sing menangani bojoku bener"" ngga ada rasa empati dan etikane terhadap pasien!","Negatif"
"Medika lestari joss pelayananya","Positif"
"Sudah baik","Positif"
"Pelayanan sudah baik","Positif"
