text,label,prediksi,koreksi
"ruang ranap arimbi full nyamuk, mungkin dari got depan ranap ya... kalo bisa sih got nya di kasih kapur ajaib supaya jentik2 pd mati",Negatif,Netral,1
"WA slow respon bangetttt, Nyediain kontak WA biar bisa daftar online tp balesnya bisa 1 hari kemudian..",Negatif,Netral,1
"Pelayanan krng, petugas krng bnyk, lambat smua",Negatif,Positif,1
pelayanan rawat jalannya gajelas bgt judes. gada yg ngasih tau buat ambil nomor antriannya sendiri,Negatif,Netral,1
Pelayanan perawat kurang tanggap.. Dan judes kususnya ps saudara dirawat diruang antasena..,Negatif,Positif,0
"Ngapoki priksa disini sama dr pritasari, doktere judes bgt amit2 . Mending priksa di tmpt lain pake umum walaupun msh ada kontrol pake bpjs kesini .",Negatif,Netral,0
Rumah sakit terburuk se Indonesia,Negatif,Netral,0
"BPJS di anak tirikan,apalagi lansia kelas 3",Negatif,Netral,0
Mungkin ini hari ini termasuk hari apes saya. Sebelumnya memang sempat sedikit kecewa dan menyematkan bintang yg kecil. Namun respon atas permasalah dari pihak RSUD dan yang bersangkutan sangat baik dengan orientasi perbaikan pelayanan kedepannya. Semoga yang baik tetap dipertahankan dan yang sedikit kurang tetap diperbaiki setiap harinya. Terimakasih 🙏,Negatif,Positif,0
"Pelayanan lambat,yg ramah cm perawat perempuan,dan banyak nyamuk",Negatif,Positif,0
"semuanyaa bagus, pelayananya ok tapi kamar mandi polikliniknya basah,l dan seperti lurang bersih, kotor",Negatif,Positif,0
Perbaiki lagi FO nya !,Negatif,Netral,0
Nyawa manusia jangan dibuat bercanda ya...,Negatif,Netral,0
"Kurangnya informasi terkait tarif parkir, dan system parkir yang masih manual untuk mobil dan motor. Saran saya gunakan sistem parkir berbayar berbasis mesin. Agar parkir lebih efisien dan terkontrol.",Negatif,Netral,0
"Sejujurnya pelayanan di rumah sakit ini cukup baik, suster dan bruder disini ramah dan sigap. Namun fasilitas yang di berikan sangat2 tidak menyenangkan. Ruang tempat saya di opname AC nya mati, ruangan sangat panas dan saya makin merasa pengap dan sesak. Keringat bercucuran, sangat tidak nyaman. Apakah seperti itu fasilitas yg diberikan untuk pengguna BPJS disini?? Beberapa kali pengalaman saya di RS RS lain, walau BPJS ruangan tetap nyaman bersih AC menyala. Tolong segera di perbaiki ya. Agar kenyamanan pasien lebih terjamin.",Negatif,Positif,0
"Pasien dr.wiliam,sumpek",Negatif,Netral,0
"dari segi pelayanan ramah dan cepat, begitupun dengan kebersihan lantai yang selalu dibersihkan.namun, perlu ada tindakan untuk diperhatikan lebih lanjut karena di ruangan saya rawat inap ada beberapa nyamuk dan itu sangat tidak nyaman apalagi untuk pasien DB, mohon untuk diperhatikan kembali, trmksh..",Negatif,Positif,0
Molor,Negatif,Netral,0
TOLONG DONG AC RUANG CUCI DARAH DITAMBAHIN DIBENERIN YANG TERHORMAT WAHAY MANAGEMENT RUMAH SAKIT MOHON PERHATIANNYA 🙏🏻🙏🏻🙏🏻🙏🏻🙏🏻 RATING DIHAPUS KALO UDAH DITAMBAH AC TERIMAKASIH,Negatif,Netral,0
Punya kesan yang kurang menyenangkan disini,Negatif,Netral,0
"Banyak maling HP,CCTV-nya rusak,",Negatif,Netral,0
Pasien apa ladang bisnis?,Negatif,Netral,0
"Saya dan keluarga sudah mempercayakan pelayanan di Rumah Sakit Ananda sejak tahun 2017. Istri saya bahkan telah menjalani operasi sesar (SC) di rumah sakit ini sebanyak dua kali, yaitu pada tahun 2017 dan 2024. Selama ini kami memiliki kesan yang baik terhadap pelayanan yang diberikan, sehingga selalu memilih Rumah Sakit Ananda untuk kebutuhan kesehatan keluarga. Namun, pada kunjungan tanggal **6 Agustus 2026 sekitar pukul 17.30 WIB**, dipoli anak kami mengalami pengalaman yang kurang menyenangkan di nurse station. Petugas yang saat itu bertugas, yang saya kenali dari ciri memakai behel, melayani dengan sikap yang menurut kami kurang ramah. Saat kami bertanya, respons yang diberikan terkesan jutek, kurang komunikatif, dan kurang menunjukkan empati, sehingga membuat kami merasa tidak nyaman. Kami memahami bahwa tenaga kesehatan memiliki beban kerja yang tinggi. Namun, keramahan, kesopanan, dan komunikasi yang baik merupakan bagian penting dari pelayanan kesehatan. Sebagai keluarga yang telah mempercayakan pelayanan Rumah Sakit Ananda selama bertahun-tahun, kami berharap masukan ini dapat menjadi bahan evaluasi agar pelayanan di nurse station semakin profesional, ramah, dan mengutamakan kenyamanan pasien serta keluarganya. Masukan ini kami sampaikan dengan niat baik karena kami berharap kualitas pelayanan Rumah Sakit Ananda dapat terus dipertahankan dan ditingkatkan.",Negatif,Positif,0
Mahal,Negatif,Netral,0
Pelayan buruk..kurang memuaskan..,Negatif,Positif,0
RS nya bersih tp mohon maaf pendaftaranx oh my god terlalu leletttttttttttt,Negatif,Netral,0
"SECURITY MINIM ATTITUDE!!!!!!!! MEMBERI PERINGATAN DENGAN NGEGAS, NGOTOTTTTTTTTTTTTTTTTT, SECURITY YG JAGA DI PINTU ARAH PARKIRAN MOBILLLLLL!!!!!!!!!!!!",Negatif,Netral,0
Admin untuk WA slow respon 🥴,Negatif,Netral,0
Pelayanan & penanganan lambat Aplagi klow pake bpjs,Negatif,Netral,0
"Very pleasant services , very fast and easy.Dr Fachmi was very gentle and clear while explaining patient needs. Came for tooth extraction and scalling. FYI , wishdom tooth minor surgery cost only IDR 750.000.",Negatif,Netral,0
PARKIRMU KI LHO LARANG,Negatif,Netral,0
"Pelayanannya bagus,ramah.",Negatif,Positif,0
"sekuriti gada ramah ramahnya, buruk banget pelayanannya",Negatif,Positif,0
Mahal banget buat saya yang keuangan asli Purwokerto. Satu gigi 250 rebu. Saya pikir bawa embel-embel universitas lebih murah buat masyarakat sekitar. Mending ke dokter gigi umum apa puskesmas skalian. Paling mahal 100 apa 150 rb. Tanya dulu ya gaes kalo ksini biayanya berapa...,Negatif,Netral,0
Hampir Semua Jenis Obat dan Vitamin Harganya Jauh Diatas HET,Negatif,Netral,0
Poli gigi bedah mulut penanganan lambat,Negatif,Netral,0
Suwene duh gusti...,Negatif,Netral,0
"Mau,,berobat malah dimarahin,,,poli bedah saraf",Negatif,Netral,0
Mending pake bpjs klo kesini. Dripada pake umum. Soalnya beneran pelayanan dibagian pemeriksaan mata ( bukan dokter) rada ogah2an. 🥲,Negatif,Netral,0
"Pelayanannya bagus, ruangan rapih, bersih.. parkir mobil pasien/pengunjung terlalu jauh, lantai keramik teras terlalu licin, apalagi saat hujan, mengakibatkan saya terpeleset dan jatuh",Negatif,Positif,0
"I was asked to come at 3:45 PM, but by 5 PM I still hadn’t been called in, and the doctor hadn’t even arrived yet. I was told the doctor’s schedule was from 4–8 PM, so this was quite disappointing. Also, sorry to say, but I wasn’t really impressed with the doctor’s way of educating patients. Even though she has an M.Kes degree, I felt that her communication and patient education skills didn’t really reflect the level of expertise I expected And why she didn’t read the medical record first, so patient didnt need to explain all over again from the very beginning",Negatif,Netral,0
"parawatnya batu,songong bet",Negatif,Netral,0
Elek ra laris,Negatif,Netral,0
parkir sempit,Negatif,Netral,0
Rs dengan layanan poli terlelet,Negatif,Positif,0
"Nyaman pelyananan ramah,dokternya baik,fsilitas jg baik",Negatif,Positif,0
"Hal-hal sederhana seperti ketepatan waktu mungkin terlihat sepele, tetapi justru menjadi bagian penting dalam membangun kualitas pelayanan dan profesionalisme. Jika disiplin waktu antara peserta dan penyedia layanan dapat berjalan dengan baik, saya yakin kualitas pelayanan dan citra UNSOED juga akan semakin baik dan berkembang.",Negatif,Positif,0
Satpamnyaaa sopan dikit napa kalo ditanya minta petunjuk!,Negatif,Netral,0
Rumah sakit bagus tapi parkiran mobil nya sangat sangat sempit,Negatif,Positif,0
Setiap mau masuk ruangan pasti selalu nunggu lama,Negatif,Netral,0
"Kurleb 5 th yg yg lalu suami sy spt ny gagal oprasi d rs ini, tapi skarang jd sering sakit ap karena efek dari gagal oprasi..",Negatif,Netral,0
minta tolong toilet atau kamar mandi dekat mushola rumah sakit dibersihkan soalnya sangat kotor dan berlumut semoga saran saya membantu🤝,Negatif,Netral,0
Kecewa banget 🥹 mohon untuk di tingkatkan lagi pelayanan dan kepedulian terdadap pasien2 kritis supaya lebih sigap lagi sesuai panduan SOP yg ada. Trimakasih,Negatif,Netral,0
Maav yaa brdasarkan pengalaman pelayanan'a sii bagus cmn dokter spesialis kulit dan klamin yg bad attitude..sakit hati bgt pokok'a sma dok tuh..klo bza d'bnerin lgi attitude'a..,Negatif,Positif,0
"Mahal banget ke dokter gigi khusus anak, 3 anak habis 12jutaan gilak",Negatif,Netral,0
Pelayanan sangat ramah.banik dan sopan.terbantu online bulan depan,Negatif,Positif,0
"Rumah sakit yang administrasinya ribet luar biasa, dua kali ke RS mau rujuk ke poli gigi zonk. Sekeluarga besar bakal saya black list ini RS",Negatif,Netral,0
"Terkhusus kepada petugas tertentu di ruang NICU, kenapa harus bersikap tidak baik kepada keluarga pasien? Saya akan mengajukan keluhan resmi terkait kasus ini.",Negatif,Netral,0
Rs budi asih tuh ngga strategis tempatnya,Negatif,Netral,0
Pelayanan untuk persalinan buruk..masa abis bersalin udah keluar malah ruangan nya belum ada..padahal pake pbjs nomor 2,Negatif,Netral,0
Mahal... Cukup sekali saja.. Thanks.,Negatif,Netral,0
"Daripada pasang benner ulang tahun rs. Mending evaluasi pelayanan nya, semua staff, dokter, perawat. Kalo ga ngerti caranya pelayanan mending tutup dulu rs nya. Adain seminar tentang pelayanan.",Negatif,Positif,0
"Tempatnya betsih ,ramah pelaayanannya..",Negatif,Positif,0
Helm hilang di parkiran,Negatif,Netral,0
Too slow,Negatif,Netral,0
PEMBATAS JALAN BIKIN KECELAKAAAN,Negatif,Netral,0
"Pelayanan ramah .. Sayangnya saya datang 4 x daftar USG gratis gk dapat"" antriannya.",Negatif,Netral,0
Antri nya lamaaaaaaaaaaaaaaa waktu adalah uang bos,Negatif,Netral,0
"Rumah sakit paling jelek penanganan nya. Udah jelek. Nama rumah sakit nya ""DADI KELUARGA",Negatif,Netral,0
Too sloowwwww 👎,Negatif,Netral,0
"Perawat muka.nya judes,tidak ramah",Negatif,Positif,0
Yang bikin heran pasien struk engga boleh ditungguin. Giliran lgi darurat baru boleh ditungguin. Apa ada pasien struk bisa apa-apa sendiri ?,Negatif,Netral,0
klinik gigi Dateng dari pagi nyampe jam 4 belum di tanganin mau kontrol anak kecil nyampe sekarang belum di panggil2 antrianya gilaaaa segitu lamanya..,Negatif,Netral,0
Nyamuke asyik nguang nguing🙏,Negatif,Netral,0
Perawat pada judes sinis. Mentang mentang masih di wilayah rs tanya baik baik malah jwbnya sinis,Negatif,Netral,0
Sya pernah operasi gigi mahal,Negatif,Netral,0
"Perawat HD nya galak2, mohon bisa di beritahu",Negatif,Netral,0
"Bagian administrasinya cuek bet. Kalo bisa ngelayanin yg ramah dongs yes Contoh rs jih, rs ananda rs hermina purwokerto Pelayanan dari securty sampai ke dokter ramah2",Negatif,Positif,0
"Maap saya kasih bintang 1 , karna pelayanan dokter poli leled nya Astaghfirullah.. apalagi bagian penyakit dalam🙏",Negatif,Netral,0
Mohon diperbaiki dengan urutan periksa dipoli ya min 🙏🏻,Negatif,Netral,0
pelayanan dan attitudenya 0 persen,Negatif,Positif,0
Selama anak kami terapi disini anak kami sudah ada perkembangan,Negatif,Netral,0
busuk,Negatif,Netral,0
"Di dalam proses kesembuhan pasien, ada doa pasien dan keluarga pasien yang baik juga untuk semua petugas yang bekerja dari dokter, perawat, petugas farmasi, petugas kebersihan, petugas gizi, satpam. Jadikanlah komunikasi yang baik dan santun untuk menjembatani hal itu. Komunikasi yang sama haknya antara kelas VIP kelas 1 kelas 2 kelas 3. Semakin maju RS amanah. Aamiin",Negatif,Positif,0
Bidan yang kurang support dalam membimbing proses persalinan,Negatif,Netral,0
"Adakah no lain yg BS kami hubungi? Dari kemarin saya hub no yg tertera di bio, katanya nomor TDK teregister.",Netral,Negatif,1
Rumah sakit ok,Netral,Positif,1
Oke ok,Netral,Positif,1
Indonesia bangeeeet,Netral,Negatif,1
Untuk Pasien Umum Tidak dapat melakukan Pembayaran Non Tunai,Netral,Negatif,1
sakit aja ada parkir 2 rb,Netral,Negatif,1
"Tempatnya bagus, pelayanannya engga! Sayang bgt. Sebaiknya management berbenah dan fokus dibidang sdm nya.",Netral,Positif,1
ini saya juga lagi cari pengalaman,Netral,Negatif,1
"Bismillah, kemarin saya ada benjolan di PD kiri sejak 2020 awal covid,sempat periksa ke beberapa dokter tapi ragu untuk operasi Awal tahun ini makin besar diniatkan kembali untuk periksa ke dokter Qadarullah dipertemukan dengan dr.davin yang ramah dijelaskan Untuk semuanya bagus, baik dokter sama suster serta pelayanan saat kontrol, tapi Sangat di sayangkan untuk pelayanan pengambilan obat entah kenapa kok sangat TDK ramah dan tdk bisa menjelaskan kendalanya, sangat di sayangkan sekali.",Netral,Negatif,1
Kasih nomor antrian pengambilan obat di farmasi jiwa.biar ada kepastian sudah sampai nomor berapa,Netral,Negatif,1
Bisa pake BPJS dri pemerintah ga,Netral,Negatif,0
"pelayanan cukup baik, ramah. hanya saja di anamnesa waktu tunggu yg relatif lama dan di bagian farmasi lama nya kebangetan, pasien sedikit atau banyak tidak ada bedanya waktu tunggu. bikin anak dan ortu tidak mood menunggu. mohon untuk lebih cekatan karna bagian pelayanan",Netral,Negatif,0
Pernah sekali kesini,Netral,Negatif,0
Biaya pendaftaran 27.500 gak ada notanya disuruh bayar segitu. Setiap datang selalu ada biaya pendaftaran,Netral,Negatif,0
"pasien dokter arinton ruang d4,terimakasih atas pelayanannya",Netral,Positif,0
Layanan Rekam Medis,Netral,Positif,0
"Keluarga pernah dirawat ,pelayanannya semedulur banget👍👍",Netral,Positif,0
Kasir nya bolak balik sama penggambilan obat kurang jauh.. mustinya bisa dibikin lebih kauh lagi.. sekedar saran 🙏,Netral,Negatif,0
Tolong untuk Pengelola parkiran di RS Banyumas agar dipintu keluar dipasang peraturan yg jelas tarif nya dan untuk pengantaran kedalam seperti ojol dikasih batas minimal 10 menit karna rumah sakit Banyumas besar dan luas seperti di RS Margono batas minimal 10 menit baru biaya,Netral,Negatif,0
Kak Tolong di RSU DADI KELUARGA Di Buka Poli Rheumatology karena pasien Rheumatology Banyak di Banyumas . Sedangkan RS yang buka poli Rheumatology terbatas dan dokter rheumatology cuma ada 2 Dokter di Banyumas kalau ga salah . Aku juga selaku pasien rheumatology juga .,Netral,Negatif,0
"tb kelenjar masih ada benjolannya udah pengobatan 3 tahun, tahun ke tiga ganti dokter krn udah lama katanya di suruh berhenti (padahal masih ada benjolan)",Netral,Negatif,0
"Selama hamil sllu rutin USG & daftar online via whatsapp awal2 fast respon,tp pas CS pendaftaran nomor WA nya ganti ya ampunnn pelayananya slowrespon sekali !! Balas chatnya plenger bgt ! Udh jelas2 mau daftar online mnyrtakan NIK,nama pasien,poli tujuan,hari & tanggal,malah disuruh lgsg datang ke RS ! Minta nomor antrian online ga dikasih ! Grgr cs plenger aku jd antre dr jam 2 smpe jam 5 sore !! Kecewa bangettt",Netral,Negatif,0
Bagaimana daftar secara online supaya di respon dengan cepat,Netral,Positif,0
Disini melayani Rectal swab tidak ya?,Netral,Negatif,0
"Trimakasih pelayanan nya ramah ramah RS bunda arif, tapi sangat disayangkan uang yg di tranfer lebih tapi lama di prosesnya masa seminggu",Netral,Positif,0
"Perawat Judes, Pelayanan Lemot, masih Kebantu Dokter Yg Ramah. Engga Recomended kalo Anda Temprament.",Netral,Positif,0
"Saya ingin menyampaikan apresiasi kepada RSOP Purwokerto. Selama kurang lebih 5 bulan bolak-balik untuk menjalani pengobatan dan kontrol, saya merasa pelayanan yang diberikan sudah sangat baik, informatif, jelas, dan ramah. Namun, sangat disayangkan pelayanan di bagian informasi pada hari ini kurang memuaskan. Petugas yang berjaga terkesan kurang ramah dan kurang sabar dalam menghadapi keluhan pasien. Menurut saya, bagian informasi adalah salah satu layanan yang paling sering didatangi pasien, terutama pasien lanjut usia yang masih kesulitan menggunakan teknologi. Karena itu, sikap yang lebih ramah dan sabar tentu akan sangat membantu. Saya menuliskan ulasan ini bukan untuk menjatuhkan siapa pun, melainkan sebagai bentuk masukan agar pelayanan ke depannya bisa menjadi lebih baik. Apalagi, hari ini saya mendengar cukup banyak keluhan dari pasien lain setelah saya sendiri menyampaikan keluhan yang saya alami. Terima Kasih 🙏🏻",Netral,Negatif,0
"Ketemu perawat yang buat sakit hati cara ngomongnya. Almh ibu sy masuk kondisi kesadaran menurun msh diblg gak bs kooperatif. Gmn mau kooperatif kondisinya kesadarannya jg menurun. Kedua, dy perawat tp sdh langsung bilang ini telat udah susah, maksudnya? Kalau sy sebagai anak pasien kita tau kondisinya memang sdg krg baik si pasien almh ibu sy tp sy memohon utk disampaikan kekeluarga sj jgn di dpn pasien tp si perawat masih blg dokter jg akan blg gt, ini jg gak akan dgr jg sy ngmg. Disitu sy makin naik darah dan langsung marah krn meski gmn pun sy yakin almh tetap bs mendengar hny sj tdk bs merespon. Saat itu yg sy butuhkan adlh semangat baik utk sy ataupun pasien bukan dgn kata2 yg menurut sy tdk pantas sbg seorang perawat. Yg bs menentukan jg seharusnya dokter bukan perawat.",Netral,Negatif,0
"RS bersih, dokter, perawat dan staffnya informatif, cuma sayang ruang perawatan kls 3 panas banget, ACnya ga dingin dan angin aja kaya sayang aja gt buang2 listrik tapi tidak ada fungsinya sedangkan kamar kondisinya rapat ga ada lubang udara/perputaran udara, masa lebih adem di karidornya, tolong diperhatikan yaa utk perawatan AC biarpun utk kamar kls 3 jg kasihan kan pasienya panas dan gerah",Netral,Negatif,0
6 jam antrine,Netral,Negatif,0
saya daftar USG jam 1 siang..buka jam 3 tapi sampai maghrib belum dipanggil..😭😭 pdahal jauh..,Netral,Negatif,0
Rawat inap selama 5 hr menggunakan BPJS dirawat dg baik am dokter d perawatnya..terimakasih,Netral,Positif,0
"Terima Kasih RSU Amanah, atas kesediaan nya bekerjasama dengan kami PLKB pada program Pemerintah pelayanan KB dan Percepatan Penurunan dan Pencegahan Stunting khususnya di Kec Sumpiuh Semoga RSU Amanah selalu memberikan pelayanan terbaik untuk masyarakat,",Netral,Positif,0
Bagi yang ingin memeriksa atau mengobati perihal penyakit di mulut bisa datang ke sini,Netral,Negatif,0
Kemarin dicek 3 tahap di ruang yang berbeda. Dengan pengambilan resep obat akan ada 5 kali antrian termasuk pendaftaran. Jika akan datang untuk pertama kali baiknya ditanyakan terlebih dahulu dokter mana yang belum banyak pasiennya. Karena kita harus memilih dokternya sendiri.,Netral,Negatif,0
Tempat dan lokasinya bagus tapi pelayanan nya kurang memuaskan,Netral,Positif,0
"Pelayanan oke, parkir oke, pada saat menunggu, mengapa antrian baru dahulu yang dipanggil, yang dari tadi kok belum dipanggil? Apakah ad yng dibedakan?",Netral,Negatif,0
BPJS ketenagakerjaan bisa apa gak,Netral,Negatif,0
"Waktu itu Bapak saya, masuk IGD alhamdulillah langsung ditangi dengan cepat oleh dokter jaga nya ,tapi ruang TPPRI nya jauh tolong dong dibuat lebih dekat biar memudahkan keluarga pasien",Netral,Negatif,0
"Hallo , mohon di bantu utk pengisian daftar online pada saat mengisi jam dokter tidak bisa di klik lanjut",Netral,Negatif,0
"Pelayanannya dokter ma perawat bagus rumah sakit ya bersih ,,cuma di bagian timbang tensi klo bisa di tambah karyawan yg khusus mencatat di situ mks 🙏",Netral,Negatif,0
pelayanan nya lama padahal ini kasus kecelakaan,Netral,Negatif,0
Semoga ke depan pelayanannya diperbaiki lagi,Netral,Positif,0
"Sy berobat untuk anak sy,untuk pelayanan dr nya bagus , tapi untuk pelayanan pegawai/suster nya kurang gercep ,padahal lg sepi pengunjung,",Netral,Negatif,0
"Pertama kali kesini mau minta rujukan buat kontrol . Di kertas tulisan jam nya dari 14.30 sampai 16.30 Sampai sana jam 15.39 , dokter nya sudah pergi",Netral,Negatif,0
"Mohon diperbaiki di bagian farmasi rawat jalan , antri disitu selalu lama banget , minimal 2 jam baru dapat obat ( ini pengalaman saya ) pernah sampai 4 jam baru dapat obatnya , tp ketika menyampaikan ke petugas farmasinya malah ditanyainnya yg ambil dl satu poli atau nggak kaya ga mau dpt kritik atau masukan ,kan saya jg ga apal donk masukannya tolong dikasih nomer antrian aja ketika kita numpuk resep , kemudian obat harus diambil hari itu juga atau melalui jasa antar yg sudah ada , kl yg numpuk resep diambil esok harinya itu yang ganggu banget , yg antri hari itu jd lebih lama semoga masukan ini bs dipertimbangkan terimakasih",Netral,Negatif,0
"Saya dirawat dikamar 505, kamar bersih, cepat langsung dilakukan tindakan, ruangan bersih, perawat ramah, sopan, bicara sopan",Netral,Positif,0
Operasi patah tulang sekarang tidak harus dengan pen plat yg terkesan mengerikan,Netral,Negatif,0
"saya pasangan baru, masih kurang informasi jadi coba ke rumah sakit periksakan istri. waktu periksa ga dijelasin apa apa sama dokternya cuma di usg ga ditanya diagnosanya apa. waktu bayar kaget masuk ruangan dokter ga sampe 5 menit bayarnya 700 ribu.",Netral,Negatif,0
Melayani,Netral,Positif,0
Pelayanan terstruktur rapi Pasien puas Perlu ditularkan pada rumah sakit lain termasuk RSUD,Netral,Positif,0
pendaftaran rawat jalan harusnya buka jam 07.30 petugasnya datang jam 07.45,Netral,Negatif,0
"Rumah sakit islam purwokerto yang berada di Jl. Mashuri No.39, Kalibogor, Rejasari, Kec. Purwokerto Bar., Kabupaten Banyumas, Jawa Tengah 53134..rumah sakit yang dulu kurang terawat sekarang sudah di renov di berbagai sisi.. Sekarang sudah terlihat bagus dan rapi dan juga bersih .. Untuk pealayanan mohon di tingkat kan lagi.. Pelayana obat d percepat.. Kurang ramah.. Sudah menerima pasien bpjs",Netral,Negatif,0
Alhamdulillah lancar persalinan di rs amanah dengan normal bidanya sangat ramah juga bisa bikin akte tapi sayangnya satpam ngga ada sopan santunnya sedang mau melahirkan satpamnya main masuk aja sampai bidanya kaget itu udah termasuk perbuatan pencabulan sangat di sayangkan udah tua masih aja cabul tolong jangan sampai ada korbannya lagi,Netral,Negatif,0
Bagian pendaftaran suka tidak ada di tempat,Netral,Negatif,0
"Antrinya manusiawi, tidak seperti di RSUD yang tumplek blek. Saran saja kalau misal ke poli mata lebih baik pilih RS ini.",Netral,Negatif,0
"Saya keluarga pasien Bu Wasem di rawat di kenari bawah pelayanan nya sudah baik, terimkasih",Positif,Netral,1
Good,Positif,Netral,1
Langganan selalu di RS BUDHI ASIH memang pelayanannya trbaik..😍🥰🥰 rekomend bgt buat bunda2 yg lain,Positif,Negatif,1
"Pelayanan SDH bagus,Memuaskan,Terimakasih SDH dibantu ndaftarin MJKN",Positif,Netral,1
Pelayanan klinik laktasinya kerenn bgtt minnn. Recommended buat ibu baruuuu,Positif,Netral,1
Kamarnya tidak brisik jadi nyaman,Positif,Negatif,1
Fast response.. 😍🙏,Positif,Netral,1
Pelayan sigal ceoat ganggal respon sif hntuk padien pasien lengguna BPJS,Positif,Netral,1
Fast respon banget,Positif,Netral,1
Menyenangkan 🥰,Positif,Netral,1
"Rumah sakite tah pelayanane apik, bersih, tapi sayang satpame kurang RAMAH,",Positif,Negatif,1
"RS Jatiwinangun Purwokerto,melayani dgn mudah dan cepat,buat pasien seperti saya,yg memakai KIS-BPJS.saya Agus Irawansyah.",Positif,Netral,1
seruuu,Positif,Netral,1
Handal dan terpercaya dalam menyigapi pasien pasien BPJS kesehatan,Positif,Netral,1
Bgus,Positif,Netral,1
Jos jis,Positif,Netral,1
RS Swasta terbaik.....,Positif,Netral,1
"Bismillah, kemarin saya ada benjolan di PD kiri sejak 2020 awal covid,sempat periksa ke beberapa dokter tapi ragu untuk operasi Awal tahun ini makin besar diniatkan kembali untuk periksa ke dokter Qadarullah dipertemukan dengan dr.davin yang ramah dijelaskan sampai betul2 paham dari yang tadinya takut mau operasi jadi yakin alhamdulilah hasilnya jinak penyembuhan cepat bekas lukanya ngga keliatan setelah operasi masih dibekali pesan untuk jaga pola makan dan olahraga alhamdulilah bisa ditangani oleh dr.davin semoga Allah yang membalas kebaikan dokter mudah2an bisa olahraga rutin seperti dr.davin dan istri",Positif,Negatif,1
Menjadi kepercayaan dalam berobat,Positif,Negatif,1
Mau ke poli kandungan di bantu dari daftar sampai download aplikasi mba petugas administrasi ramah,Positif,Netral,1
Lingkungannya bersih,Positif,Netral,1
"Jazakhumullah khoiran katsiran
Atas pelayanan yg baik , setiap kali minta rujukan🙏",Positif,Netral,1
"Farmasi rawat jalan semangat,tetap sabar dan teliti meski pasien tumpuk",Positif,Netral,1
Kegiatan Pelatihan pencegahan dan pengendalian PPI Angk 1 di RSUD Prof Dr. Margono Soekarjo.... sungguh luar biasa. Ditunggu rekan2 yg mau bergabung,Positif,Netral,1
"Pelayanan di rsud Ajibarang memuaskan,saya baru menunggu bapak diruang kenari bawah, terimakasih  atas pelayanan perawat dan dokternya yang baik semoga semakin meningkat pelayanannya",Positif,Netral,1
Selama dirumah sakit Ajibarang (ruang bersalin) untuk Bu bidannya ramah-ramah,Positif,Netral,1
pelayanan memuaskan tidak ada kekurangan,Positif,Negatif,1
"Dear elisabeth hospital Im a student who is far from my mom. I have to go to doctor and doing my rutine fisiotherapy twice a week. Thank you for a very good very friendly service, its helping me a lot even i use BPJS. I am very grateful to all the staff who helped me and kindly asked about me.",Positif,Netral,1
RSU bagus,Positif,Netral,1
Layanan satset.. Bisa langsung oeprasi setelah dapat rujukan.. Maantaaapp.. Pasien safety,Positif,Netral,1
"Pengalaman saya oprasi hemoroid di Rs medika lestari Awalnya takut (karena kata orang oprasi hemoroid itu sakit banget dll, )tapi ternyata gak sesakit yang dikatakan orang2. Kalau kalian punya keluhan hemoroid boleh tuh konsul sama dokter bedahnya di sini. Ternyata oprasinya gak sakit, cuma sakit sedikit aja pasca oprasinya. Ditambah lagi semua petugasnya ramah, dokter & dokter spesialisnya ternyata juga ramah bree,perawatnya cekatan juga, petugas kebersihannya juga peduli dengan lingkungan pasien, juru masaknya juga enak masakannya (pas dengan kondisi pasien) Manteplah semakin bagus rs nya. Semoga bisa menolong lebih banyak orang lagi. Dan rezekinya melimpah terus baik karyawanya, Ownernya ataupun pasien.amiin,",Positif,Negatif,1
Bagus pelayanan tidak di ragukann,Positif,Negatif,1
Rs swasta terlengkap di Banyumas dan sekitarnya,Positif,Netral,1
"Pelayanan nya sdh Bagus, tolong ditingkatkan lg y",Positif,Negatif,1
Sya pasien de sutrisno ibu raniyah sya puasa dg pelyannyaaa,Positif,Netral,1
mantapp pelayananya,Positif,Netral,1
Perfect,Positif,Netral,1
pelayanan sangat bagus tidak ada kekurangan,Positif,Negatif,1
Pelayanan semua karyawan dan dokter yang menjadikan pasien seakan kluwarga sendiri itu yang bikin saya dan semoga akan selalu seperti itu,Positif,Negatif,0
Sya punya pengalaman kurang meng enak kan di RS lain di probolinggo. Waktu jaga mertua sakit. Kebetulan kita bayar mandiri gk pakai BPJS. Seminggu dirawat kondisi semakin drop. Ditambah perlakuan tim medis yg judes. Akhirnya keluarga memutuskan memindahkan mertua ke RS Amanah. Alhamdulillah 3 hr langsung sembuh. Krna tempat nyaman dn tim medis yg ramah jg garcep. Kami diperbolehkan pulang. Semenjak itu RS Amanah menjadi langganan keluarga kami. RS Amanah benar benar Amanah sesuai dngan namanya.. smg terus maju dan berkembang,Positif,Negatif,0
friendly staff and doctors,Positif,Netral,0
Terima kasih atas pelayanan primanya 🙏🙏,Positif,Netral,0
RS Sinar Kasih melayani saya dengan baik mulai dari perawat dan dokter tp biaya berobat di RS ini menurut saya agak mahal semoga bisa ke depannya bisa lebih murah,Positif,Netral,0
Walaupun blm pernah masuk ke gedung tapi sering masuk ke halamananya. Habis ATM tanpa bayar parkir disini semua ada terutama yg himbara (Himpunan Bank Milik Negara).,Positif,Netral,0
"Mohon maaf untuk ruangan teratai lantai 3 kmr 305 AC pnas bnyk AC bocor,,mnt untk di betulin,,mks",Positif,Netral,0
"Tim pelayanan RS semua ramah, tempatnya bersih. Tambal gigi tidak terasa sakit dan cepat prosedurnya. Biaya tambal 200 rb, biaya rontgen gigi panoramik 200 rb. Terima kasih.",Positif,Netral,0
Sesuai harapan pasien,Positif,Netral,0
terimakasih banyak atas pelayanan yang terbaik,Positif,Netral,0
"dokternya enakan , pelayanan ramah pokoknya jangan lupa datang ke rsgpm Unsoed ya klo mau periksa gigi ya",Positif,Netral,0
Terimakasih RSiA Bunda Arif atas pelayanan kesehatan... Semoga semakin maju...,Positif,Netral,0
Trimakasih untuk setiap pelayanan nya semoga semakin diberkati dan semakin lebih baik lagi dalam pelayanan nya,Positif,Netral,0
"Pelayanan cukup baik, ruang inap bersih, makanan pasien jg cukup enak dinikmati tapi sangat disayangkan di ruang inap ada ac gak boleh dinyalakan kalo siang padahal kan kalo siang panas apalagi yg kls 3 sekamar ada 4 orang. Mohon utk dievaluasi lg.",Positif,Negatif,0
"Pelayanannya okeee,semoga makin maju",Positif,Netral,0
Good job...,Positif,Netral,0
"Halo saya anak budi prakoso. Makasih ya dari kami untuk margono karena bolak balik RS ini dr Desember sampai februari akhirnya ayah saya berpulang pada 10 feb 2026 di margono, ayah saya pengidap b20. Makasih banyak utk dokter hepi dan perawat cowok serta suster2 yang sudah mendukung merawat ayah saya semasa hidup ❤",Positif,Negatif,0
Terimakasih untuk pelayannya bagus,Positif,Netral,0
"Udah 8 bulan terapis di ananda,so far smua pelayanan bagus,dimudahkan juga apalagi dpt konfirmasi dari pendaftaran h-sebelumnya",Positif,Negatif,0
"MaasyaaAllah Alhamdulillah... Mau bilang terima kasih banget ke semua perawat di RSU Ananda!😍 Beneran pengertian bgt, sabar, full edukasi! Suka bgt sama 1 perawat yg mau anterin aku sampai ke depan kendaraan pas aku pulang rawat inap. Bener2 dipastikan aman sampai kendaraan, dianter pakai kursi roda gitu karena pas itu aku belum sembuh total tapi mau pulang aja wlwkwkw. Andai kutahu namanya beliau🥲 Layak banget dapat apresiasi perawat terbaik",Positif,Negatif,0
poliklinik anak 24 jam dbest bgt si ini...dini hari anak skt ttp dlayani dg baik oleh dktr anaknya..ga usah bingung lg buat para ibu yg nyari dktr anak pas mlm2bgt ataupun hari libur..😁😍,Positif,Negatif,0
Juara. Kualitas prima. Waktu tunggu tidak lama. Mau pakai BPJS ataupun umum tetap dilayani dengan maksimal,Positif,Negatif,0
Sangat membantu masyarakat.semoga rsu amanah semakin maju,Positif,Netral,0
Pelayanannya super baik.terimakasih RS DADI KELUARGA.,Positif,Netral,0
Bagusss .... Haruss di tingkat kan lagii Pelayanann agar lebih bagusss ok,Positif,Netral,0
Pelayanan poli gigi baguse,Positif,Netral,0
Terimaksih banyak atas pelayananya. bapak saya yang sedang dirawat diruang elang.,Positif,Netral,0
Jujur saya puas sekali dengan pelayanan di RSOP dari masuk IGD sampai pulang,Positif,Negatif,0
Berobat disini pelayanan sudah cukup baik.,Positif,Netral,0
"Pelayanannya baik, tapi mungkin perlu ada perbaikan atau penambahan personil security agar memudahkan utk menanyakan sedikit informasi tentang antrian dan tempat parkir contohnya. Terimakasih",Positif,Netral,0
"Untuk pelayanan rawat jalan dan rawat inap sangat memuaskan.. hanya saja utk pengambilan obat saat rawat jalan sangat lama sekali, lebih dari 2 jam... saya paham pasti butuh ketelitian dalam pemberian obat baik racik maupun non racik..tetapi waktu menunggu lebih dari 2 jam itu sangat lama menurut saya... mohon utk lebih sat set.. terimakasih",Positif,Negatif,0
"Bidan di kamar bersalin sabar-sabar bangett,,,puas banget sama pelayanan bidan di kamar bersalin semua.a ramah-ramah🥰",Positif,Netral,0
Subhanallah Rs Wijaya Kusuma pelayanan nya Luar Biasa.saya ucapkan Beribu Ribu terima kasih .kepada Rs Wijaya Kusuma .Terutama Dokter Urologi Ibu Dian yG Telah mengoperasi kan Batu Ginjal saya .semoga Belio di berikan kesehatan Serta panjang umur .,Positif,Netral,0
Nice,Positif,Netral,0
Tempatnya sejuk dan luas. Fasilitas lengkap. Tingkatkan ketepatan waktunya ya.,Positif,Netral,0
"Pengalaman pernah dirawat disini, perawatnya sigap. Ruangannya nyaman sudah ber AC semua. Semoga pelayanannya semakin meningkat",Positif,Netral,0
Walaupun antri lama tapi pelayanan baik..ramah,Positif,Negatif,0
Pelayanan memuaskan dan nunggu tidak terlalu lama,Positif,Negatif,0
lumayan pelayananya,Positif,Netral,0
Saya pernah berobat mata.di RS khusus mata.pelayan baik ramah Alhamdulillah sya SDH sembuh matanya.trimakasih dokter yg SDH menangani saya,Positif,Netral,0
Pelayanan oke Sudah banyak perubahan yg lebih baik Kamar ranap sudah bagus Semoga RSWK makin jaya,Positif,Netral,0
Terimakasih pelayanan memuaskan.,Positif,Netral,0
"Terimakasih atas pelayanan RSIA Budi Asih yang amat sangat sangat baik, Istri saya pada hari jumat tgl 29 Juli 2022 pukul 10.00 periksa dengan Dr Hanantyo, dari beliau kondisi janin tidak bisa dilaksanakan persalinan secara normal karena ada kendala medis, kami diberikan waktu sampai setelah shalat Jum'at utk mengambil keputusan dari pihak keluarga akan ikut saran dari beliau Dr Han agar dilaksanakan pada tindakan medis, bissmillah kami memantapkan hati, dan kurang lebih pukul 13.50 istri saya masuk ruang operasi, gak sampe 10 menit anak kedua kami lahir dengan sehat dan bb 3,3kg/49cm, selisih 2 jam setelah recovery, istri saya sudah dipindahkan di ruangan... Dan alhamdulillah berkat kebijakan Dr. han.. Kami pasien BPJS kelas 1 diberikan ruang inap VIP, dan setelah 6 jam istri saya sudah bisa duduk bahkan sudah bisa jalan ke kamar mandi, kami hanya rawat inap selama1x 24jam saja dan diperbolehkan pulang... Setelah 10 hari bahkan istri saya sudah bisa naik motor sendiri.... Alhamdulillah anak dan istri kami sehat semua, sekali lagi Terima kasih kpd segenap nakes RSIA budi Asih, terkhusus Dr Hanya... Maturnuwun dok, semoga berkah",Positif,Negatif,0
Sukses selalu untuk Rs amanah sumpiuh...pelayanan semakin baik,Positif,Netral,0
"untuk dokter dan susternya sangat ramah, tidak judes sama sekali",Positif,Negatif,0
terimakasih rs amanah atas pelayanannya semoga semakin maju kedepannya aamiin,Positif,Netral,0
"Puas bgt lahirann di bunda arif, pelayanannya bagus, pokoknya recomended bgt lahiran di bunda arif",Positif,Netral,0
Nyaman. Terbantu apabila ada kendala pendaftaran,Positif,Netral,0
"Terima kasih atas layanan terbaik dari perawat, dokter serta team rsud banyumas.",Positif,Netral,0
"Terimakasih atas pelayanannya yg baik, sukses selalu RSU Hidayah Purwokerto..",Positif,Netral,0
Pelayanan jos dan ditingkatkan lagi,Positif,Netral,0
Muantafff semoga bermanfaat untuk ummat,Positif,Netral,0
"Dari awal terdaftar disini sbg pasien BPJS., Tapi alhamdulillah tidak pernah menemukan pelayanan dari pendaftaran, & konsultasi dokter, yang kata sebagian tetangga ""diskriminatif",Positif,Negatif,0
"Pelayanan bagus, antrian tidak terlalu lama karna bisa daftar secara online, petugasnya ramah. Minus parkiran nya kurang luas.",Positif,Negatif,0
Pelayanan Prima🥰,Positif,Netral,0
"Gedung baru yg bagus, semoga semakin sukses",Positif,Netral,0
Pelayanannya mengalahkan rumah sakit lain yang sudah berdiri hampir seabad sebelumnya,Positif,Netral,0
"Saya suka sekali ga mau pindah pelayanan baik, dokternya ramah, obatnya cocok",Positif,Negatif,0
ibu saya pernah dirawat disitu dan kontrol setiap bulan dulu pelayanan ramahh,Positif,Netral,0
Pelayanan di Poli Gigi Terbaik,Positif,Netral,0
Pelayanannya luarbiasa bangeet dan snagat satset ga ribet unghil pokoknya apalagi di permudah kalo memakai BPJS kesehatan,Positif,Negatif,0
"Ada ruang menyusui, dan ada playground di lantai 5. Barengan sama poli anak&obsgyn. Biar anak gk bosen Saran, untuk kontrol post ranap lebih baik untuk di daftarkan lebih dulu sepulang dari rumah sakit. Biar gak kelamaan nunggu antrian kontrol. Mantap lama banget 😁",Positif,Negatif,0
Joosss,Positif,Netral,0
Sangat di anjurkan untuk kesehatan,Positif,Netral,0
"Terimakasih mas terapis wicara ananda untuk pelayanannya, anak saya sudah tidak takut lagi dan ada sedikit peningkatan dalam berbicara.. Semoga tetap terjaga untuk pelayanannya baik pasien asuransi, bpjs maupun umum",Positif,Netral,0
Respon cepat Terimakasih RSU sinar Kasih,Positif,Netral,0
"Terimakasih atas pelayanan untuk anak saya di ruang Kresna,,sangat baik",Positif,Netral,0
"Pertama'a agak ribet ngurus BPJS dikarenakan pas sy mau minta rujukan lg eror,pihak puskesmas'a berhubung anak sudah agak parah jd sy ndaftar utk sementara pake Umum..dan utung'a ada orang baik dr pihak puskesmas Susukan yg mau membikinkan Surat rujukan dan Alhamdulillah yg awal'a umum bisa di alihkan ke BPJS walaupun ada sandiwara dulu..tp setelah itu Mudah dan enak pelayanana'a..🙏",Positif,Negatif,0
Pelayanan cepat tidak mengantri.,Positif,Negatif,0
"rumah sakit kusus bedah mitra ariva tempat bersih,nyaman,sejuk,,,pelayanan memuaskan..",Positif,Netral,0
Tempat strategis.,Positif,Netral,0
"Pelayanan sudah sesuai prosedur, tingkatkan pelayanan agar pasien bisa lebih nyaman lagi",Positif,Netral,0
Alhamdulillah berobat disini begitu masuk igd pelayanan sangat ramah.. anak sy diambil darah tdk menangis.. perawatnya josss .. bs menenangkan 😁 trmksh 😍,Positif,Negatif,0
Dulu 2012 ada pasisen korban kecelakan bus sinarjaya disini yah Berkat ini rumah sakit keren semua korban selamat🥲,Positif,Netral,0
"terimakasih rs orthopedi pwt, sedari awal masuk sudah dilayani dengan baik walaupun pada tengah malam, serta dikasih penjelasan singkat tentang apa dan bagaimana alur-alur selanjutnya. Tak cuma itu, makanan disini cukup menggugah selera dan diluar jendela disuguhi pemandangan yang membuat hati nyaman, mungkin terlihat sepele tapi inilah yang membuat pasien merasa bikin betah walupun ini adalah rumah sakit. Sekali lagi terimakasih, saya bahkan tidak perlu menekan tombol bantuan karna memang pelayanannya sudah terbilang bagus, tetap pertahankan 🙏🏻",Positif,Negatif,0
"Responsif, efisien👌💯",Positif,Netral,0
"Pasien dr Wahyu ruang B1 Terimakasih untuk perawatannya, perawat cepat respon, semoga makin maju",Positif,Netral,0
"Kontrol 2 minggu post op olecranon (siku) dengan dr. Alam, Sp. OT CF-HULMS, beliau memang ahlinya tangan dan lengan ga perlu diragukan lagi.. Alhamdulillah pemulihan cepat tidak ada kendala apapun.. Terimakasih dr. Alam atas bantuannya 🙏",Positif,Netral,0
"Nyaman,mudah kalau periksa di RSUD BMS",Positif,Netral,0
RS terdekat dengan fasilitas cukup lengkap,Positif,Netral,0
"Tanggal 23 Maret 2025 dini hari tiba2 perut sy terasa sangat sakit dan dilarikan ke igd dkt, sempat was was krn yg jaga hny ada 1 orang, lalu sy direbahkan di kasur menunggu penanganan lebih lanjut, sekitar 10 menit perawat grecep menangani sy dan, sekitar mau menjelang pagi, hasil pemeriksaan sy keluar dan trnyata rajal, doktermya kasih bnyk nasihat, ternyata sy kena kram lambung, syngnya ga bisa claim bpjs, tapi setelah sy rutin minum obatnya selama 1 minggu alhamdulillah sy sembuh..",Positif,Negatif,0
"Parkiran luas, bikin bingung bangunannya kepisah dan satpamnya gatau ada brapa kayanya cuma 1 atau 2 orang satpamnyaa",Positif,Negatif,0
lokasinya strategis👍🏼 lahan parkir cukup luas. adem juga,Positif,Netral,0
Tidak terlalu ramai karena rumah sakit khusus,Positif,Negatif,0
Excelent service,Positif,Netral,0
"Tempat nyaman, daftar online sangat di permudah. Bissmillahirohmanirohim semoga dengan berobat ke sini, mata bapak saya bisa sembuh. Aamiin",Positif,Netral,0
"Salah satu rumah sakit terbaik yang pernah saya kunjungi. Sedikit kritik untuk bagian pendaftaran poli kandungan, untuk lebih ramah lagi dalam melayani pasien yang bertanya karena tidak semua pasien tahu alur pendaftaran",Positif,Negatif,0
layanan rekam medisnya satset,Positif,Netral,0
Rumah Sakit dengan tenaga kerja profesional,Positif,Netral,0
Suka banget sama Dr. Ika please. Ramahpoll,Positif,Netral,0
"Parkiran luas,ruang tunggu periksa adem,kursi juga empuk Semoga semakin sukses.",Positif,Netral,0
"Makasih Margono atas pelayanan dan perhatiannya telah merawat kami semua pelayanan anda emang terbaik dari mulai poli ongkoloki anak,TPPRI,dan ruang Wijaya Kusuma/wiku dan IGD makasih atas pelayanan sangat baik saya penderita HLH saat dirawat di sini ketika nyeri atau demam mencet tombol buat panggil perawat gercep nanggepin terus aku sering di tinggal sama orang yang jagain aku anu orangnya ada urusan tapi sering di temenin sama perawat nya jadinya ngga kesepian sekali lagi terimakasih atas pelayanan kalian gercep nyaman dan aman/terpercaya makasih untuk Dokter Agus Fitrianto , makasih juga buat perawat perawat yang ada disini seperti Bu Agil,Bu Erni,Pak Ojan,mba Priska,mba miski,mba lintang, Mba Melli, mas Irwan,mas Viktor,mas tulus,mas David, dan mas Adit perawat IGD makasih semua mungkin ada yang belum aku sebut tapi aku hanya ingat segitu 😉😉",Positif,Negatif,0
"Terimakasih atas pelayanan terbaiknya, semoga sukses selalu semuanya",Positif,Netral,0
"Rumah sakit umum ,tp Rasa VIP, .semua staff Ramah,responsif, gk mandang kasta ,. Recommend bgt ,.wlwpun jauh , bela2in deh",Positif,Netral,0
"saya ambil treatment sclng disini dengan dokter april, hasilnya saya sangata puas karena karang gigi bnr” bersih 💗💗💗",Positif,Netral,0
"parkir luas, rujukan bpjs, dokter spesialis yg berkualitas.. insyaAllah..",Positif,Netral,0
"Alhamdulillah saya berobat di rsi ini dokter nya baik""dan tempat ibadah dekat prosedurnya tidak di persulit,segala sesuatu di permudah ,semoga ttp jaya rsi",Positif,Netral,0
Dokter hanantyo istebest,Positif,Negatif,0
Terimakasih untuk pelayanan sunat di RSI ini,Positif,Netral,0
"Nuhun pisan teh yunita p petugas pendaftaran parantos ngajelaskeun ngeunaan proses administrasi pendaftaran kanggo ibu abdi, margi abdi nembe pertama kali sumping mariksa sareng rawat inap di dieu salaku pendatang. Sareng teh yunita oge teah tur someah, tiasa nenangkeun ka abdi, ngadoakeun abdi tiasa cumlaude. Hatur nuhun pisan nya teh, kesuksesan oge kanggo tetehna. Hatur nuhun oge ka petugas perawat IGD teh Eva anu parantos nanganan pun biang kalayan sae. Nembe kahiji kalina sumping ka ieu rumah sakit, peralatanna lengkep sareng nyugemakeun pisan. Abdi resep salaku pendatang.",Positif,Negatif,0
Recomended,Positif,Netral,0
Puas sekali,Positif,Netral,0
"Mau swab ke RS ini, tempat nya di luar deket parkiran, petugasnya juga sigap",Positif,Netral,0
Bismillah... Terimakasih untuk arahan dan bimbingannya .. petugas ramah.. yang awalnya salah gedung langsung diantar ke tujuan ... Sukses terus buat RSIA Bunda Arif...,Positif,Netral,0
Saya sangat senang atas pelayanan di rsud ajibarang,Positif,Netral,0
"RSGMP Unsoed terletak di Kampus Karangwangkal disamping Kampus MM Unsoed. Letaknya strategis berada di lingkungan mahasiswa, tempatnya juga bersih, terdapat IGD 24 jam untuk layanan umum. Sayangnya waktu tunggu sangat lama, mungkin karena dental unit yang terbatas sehingga pasien harus menunggu dalam waktu lama. Saran saya yang mau datang tanpa perjanjian harus datang lebih pagi.",Positif,Negatif,0
"Pernah kecewa disini. Trus curhat di sini, posisi msh di ruang inap. Langsung direktur RS datang ke kamar😀 Akhir cerita hapus ulasan 🤣",Positif,Netral,0
"Trimakasih untuk RS ortopedi,pelayanan bagus ramah,cepat sat set.",Positif,Netral,0
"Kemaren sore saya ke rs elisabeth untuk membesuk teman saya, kebetulan situasi rs sedang ramai, saya bingung mau bertanya ke siapa, pak satpam sibuk mengantar pasien dan foto pasien, pendaftaran juga sibuk mendaftari, saya tidak mungkin menyela, setelah situasi reda saya dilayani dibagian pendaftaran, ibu dan mba yg dipendaftaran melayani dengan baik, ramah. Saya mau memberi masukan ke manajemen rs, masa rs dengan gedung semegah itu tidak punya unit informasi tempat bertanya berbagai hal, setau saya di rs manapun ada unit informasinya tersendiri, seharusnya elisabeth juga punya unit informasi sendiri. Mohon perhatiannya, Terimakasih",Positif,Netral,0
Perjalanan lebih pd,Positif,Netral,0
"Dokter ramah,detail,perawat ramah,the best. Sing ora the best tukang parkirnya ahahah. Lg rawat inap. Mtor bolak balik kluar masuk bayar melulu. 1 hr ada kali 20rb lbh. Di tarik melulu, udh ngmng klo aku lg ranap. Ttp aja ngga di denger.",Positif,Negatif,0
Menjadi kepercayaan sedari dlu keluarga kami,Positif,Netral,0
"terimakasih udah merawat saya sampe sembuh,kaya terus RSI purwokerto",Positif,Netral,0
"Mantap nih pelayanan nya udh mulai berbenah, ayo RS swasta jangan kalah sama rumah sakit sebelah ya. Lebih ditingkatkan lagi ruangan darurat dan bangunan direnovasi",Positif,Netral,0
"Bagus,ramah",Positif,Netral,0
Tempat parkirnya fanasss,Positif,Netral,0
rs yang rekomended untuk berobat tht dan yg lainnya,Positif,Netral,0
"Rumah sakit Rekomended, pelayanan CS yg ga lelet selalu ada perbaikan, jadwal selalu update jadi ga bingung, ada kepastian untuk periksa dsini.. Makasih mas CS Maulana sudah membantu kursi roda",Positif,Negatif,0
Info saja buat pasien baru harus daftar langsung paling ngak sehari sebelumnya krn kalo dihari yang sama dgn periksa belum tentu ada quatanya... jadi kasian ya untuk pasien yg jauh harus bolak.balik dulu kesana... update donk sistimnya... supaya pasien baru yg jauh juga bisa daftar online atau daftar via wa... kan lebih ringkes...,Positif,Negatif,0
🫰 teruslah berproses menjadi RS yg terbaik di Purwokerto,Positif,Netral,0
RSUD Ajibarang pelayanannya is the best semoga semakin sukses,Positif,Netral,0
Pelayanan prima. Terima kasih rsgm,Positif,Netral,0
selallu jadi andalan keluarga kami dalam betobaat memang rumah sakit terbaik,Positif,Netral,0
"Sangat memuaskan pasien datang anamnesa, petugas Konsul dr spesialis langsung instruksi di Rongsent,hasil rongsen sudah jadi tinggal menunggu panggilan dr spesialis",Positif,Negatif,0
"tempatnya kurang strategis, tapi bikin pasien nyaman karena tidak bising. dr.nya friendly bgt. bisa pake bpjs disini",Positif,Negatif,0
Tetap semangat dalam meningkatkan pelayanan 😊 .,Positif,Netral,0
Rumah sakit rujukan terbaik di wilayah Jawa Tengah,Positif,Netral,0
Semakin maju dan berkembang pesat,Positif,Netral,0
Good Service and harmfully,Positif,Netral,0
"Pelayanannya oke,,,terus dipertahankan dan di tingkatkan lagi. . .",Positif,Netral,0
"Masuk sini berasa masuk hotel. Ruang ranap anak ga ada kelas 1, dr kelas 2 langsung VIP. tp kelas 2 anak ada bed penunggunya . Kelas 1 untuk 1 pasien tp ga ada bed penunggunya. VIP Bisa request menu makanan. Untuk melahirkan klo ga salah dpt free naik 1 kelas. Cmiiw. Pelayanan sebanding sama harganya. Thx JIH",Positif,Negatif,0
Lebih ditingkatkan lagi untuk kebersihanya,Positif,Netral,0
"RSU Annimah, RS dengan lokasi strategis",Positif,Netral,0
Pelayanan rumah sakit Wijayakusuma terbaik. Terimakasih untuk ruang kresna,Positif,Netral,0
"rumah sakit baru, jadi nyaman banget",Positif,Netral,0
"Trimakasih untuk pelayanannya ,perawatnya lucu, ramah, ada yg cantik bngt panggilanya inces kayanya lupa ❤️❤️ Semoga rs elisabeth semakin sukses & menjaga pelayannanya",Positif,Netral,0
Mudah akses nya gampang juga misal mau periksa gigi kadang kalo mahasiswa keodkteran gigi praktek kita bisa dapet gratisan perawatan gigi. Sayangnya pandemi gini ATM BNI tidak bisa untuk transaksi tapi belum dibongkar dan BRI udah ngga aktif dan di bongkar,Positif,Netral,0
"Rumah sakit khusus gigi dan mukut, yg berada di pusat pendidikan Fakultas Kedokteran Gigi (FKG) Unsoed.. Lengkap dokternya, nyaman tempatnya,,",Positif,Netral,0
Assalamualaikum..salam sehat .... Senin pagi saya seperti biasa mengantri dipoli syaraf kontrol dengan dokter Edith...sebelum masuk ruangan bapak saya sudah keburu pusing disertai keringat dingin...saya panik(tapi tenang)..reflek q pegang sekuriti(berhijab) untuk mencari kursi roda (ternyata terpakai semua)..terus ditolonglah kembali oleh nakes(baju putih saat itu kalau tidak salah Soni namanya) kemudian di bawa UGD karena tidak memungkinkan untuk tetap mengantri dipoli.. Alhamdulillah dengan segala penanganan sampailah di kamar Camar Bawah 3d..hanya terima kasih ..yg saya haturkan 🙏berkat kesigapan seluruh tenaga kesehatan..bapak bisa ditangani secepatnya 🤲🤲 dan setiap senyum yg terukir Kpd kami pasien..walopun lelah jelas terlihat di raut muka kalian(apa lagi kalau sift malam)..tolong sampaikan terimakasih kepada dokter Edith yg selalu ceria dan humble..semoga Tuhan senantiasa menjaga kalian 🤲🤲,Positif,Negatif,0
Pelayanan baik alhamdulilah sakitnya sembuh terimakasih,Positif,Netral,0
Semakin terdepan dan jaya RSGM unsoed..,Positif,Netral,0
"Rumah sakit besar , lokasi mudah di temukan , depan rumah sakit banyak penjual makanan, parkir cukup luas, kamar rumah sakit anggrek cukup luas",Positif,Netral,0
Perawat ruang Fransiskus baik2,Positif,Netral,0
Menurut saya kalo ada kamar VIP dan vvip rumah sakit ini bakalan lariss sukses terus pku amanah,Positif,Netral,0
Makin percaya sama rs DKT,Positif,Netral,0
Salah satu rumah sakit di purwokerto yg pelayanannya cukup memuaskan dan tempantnya lumayan nyaman....rekomended dech...,Positif,Netral,0
Asiknyooooo...,Positif,Netral,0
"Rsgmp Unsoed Jaya Jaya Jaya.... Pelayanan Oke,periksa gigi ya di rsgm unsoed ya lur....Sukses Rsgm Unsoed...",Positif,Netral,0
"Rumah sakitnya nyaman,bersih,pelayanannya luar biasa Smg menjadi rumah sakit unggulan,sukses dan lebih maju lagi aamiin",Positif,Netral,0
IGD nya cepet tanggap dari dateng sampai pulang 👍,Positif,Negatif,0
masyaallah tabarakallah jazakallah ust haidar yang selalu mendoakan dan membuat hati seperti disiram air salju adem banget,Positif,Netral,0
pekerjanya ramah-ramah 👍🏻,Positif,Netral,0
"Bintang 5 untuk bagian fisioterapi dokternya baikkkkk bgt, dr Elin TOP BGT pokoknya, tapi kemarin rada kecewa pak ke ortopedi begitu priksa langsung suruh operasi, waduhhh pengen balik kanan rasanya",Positif,Negatif,0
"Meskipun awalnya jengkel karena dr ardian(obgyn) telat tapi Alhamdulillah dr nya bener-bener detail jelasinnya ga buru-buru, dan makasih banyak juga dok udah edukasi mertua juga karena anak pertamaku masih 2 tahun belum banyak kosa katanya terus dr jelasin juga, padahal saya sebagai ortunya sebelumnya udah jelasin juga tapi masih aja ngeyel sampe akhirnya dr yg jelasin langsung paham.",Positif,Negatif,0
"Pelayanannya ramah,semoga ditingkatkan",Positif,Netral,0
Sudah sering kesini kalo butuh perawatan gigi. Suasana nyaman. Penanganan memuaskan,Positif,Netral,0
"Pelayanannya bagus,perawat di bangsal n poli ramah2,tim homecare jg bagus n memuaskan,mantap rsu hidayah semoga semakin maju 👍",Positif,Netral,0
"Pelayanan sudah baik, terimakasih sudah merawat bapak saya",Positif,Netral,0
Dengan keluarga ibu winda ruang tulip 12 pasien dr. sutrisno terimakasih atas pelayanannya yang baik,Positif,Netral,0
Lumayan nunggunya,Positif,Netral,0
Pengalaman pakai bpjs dari awal usg sampai lahiran ga ada yang mengecewakan pas lahiran bidan dokter sabar2 sekali dari semua petugas staff oke Alhamdulillah kemarin pas lahiran dipindah diruang kelas 2 padahal bpjs kelas 3 karena penuh dan tidak dibedakan nyaman sekali ada tv kulkas ac dan kamar mandi didalam bersih ada waterhiter dll hanya 2 ranjang anak ditangani baik sekali walau pakai bpjs,Positif,Negatif,0
Terima kasih untuk pelayananya,Positif,Netral,0
"Ruang rajawali WC kamar 6a pas di buka suaranya Ter lalu keras,hordeng terlalu mepet dgn pintu WC,pengguna cw merasa tidak enak karena mengganggu pasien",Positif,Negatif,0
"playanan sangat bagus, tapi kodarulloh Mbah harus di rujuk ke RS yg lebih besar. dokter tepat waktu datang sangat pagi, dan perawat stanbay. tempaty nyaman, ada AC jadi tambah adem",Positif,Negatif,0
"Rs andalan utk periksa rutin ibu. Tp tolong di counter 1 lantai 3, cs nya dimaksimalkan. Dari 5 meja cs yg aktif cuma 2. Itupun pelayanannya lama perpasien. Lebih banyak kosongnya, sementara pasiennya membludak ngantri. Tapi ttp dr Yusuf rekomend banget. Ramah dan komunikatif. Sejauh ini ramah semua. Hanya counter 1 nya di maksimalkan lagi sj",Positif,Negatif,0
"pelayanan baik,cukup puas terimakasih 🙏🙏",Positif,Netral,0
Operasi mata katarak ...Sembuh total berhasil ...saya bisa melihat kembali ...Terima kasih Dokter spesialis mata...,Positif,Netral,0
"Perawat & bidannya cantik-cantik, kebanyakan masih muda.",Positif,Netral,0
"Bapak Gunawan Ruang melati Pasien dr. Heppy Alhamdulillah pelayanan sudah memuaskan,. Terima kasih🙏",Positif,Netral,0
"Baik pelayanan nya, R. Kresna RST Wijayakusuma 🙏 terimakasih",Positif,Netral,0
Best bgt. Bisa online tanpa.kita harus repot2 kesana,Positif,Netral,0
"Pelayanannya satset, apalgi aku pasien dokter anton ramah bgt baik pelayanannya jelas❤️ Dari hamil umur 3bulan sampai melahirkan sm dokter anton super humble,detail. Tp sayang kl hbs opname trs udh disuru plg nunggu administrasinya lama bgtttt udh 2x opname selalu nunggu lama karna administrasi, mohon diperbaiki lagi yaa🙏",Positif,Negatif,0
"Lihat sy susah jalan, lgs ditawarin kursi roda dan dibantu full sejak daftar sampe ambil obat. Pdhal g ada keluarga yg menemani. Joss lah pokoke",Positif,Netral,0
"Rumah Sakit Swasta terlengkap layanan kesehatannya di kabupaten Banyumas. Ada poli onkologi, radioterapi, radiologi Mammografi, panoramic, CT Scan, MRI. Jadi gak pusing-pusing mau periksa apa aja",Positif,Netral,0
"RSUD Ajibarang wow, RS nya bersih sekali, facility care nya selalu stanby, klo ada yang kotor dan tumpahan langsung di bersihkan",Positif,Netral,0
Dokter nya hebat pnjelasan detail ank2 jd g takut lg klo ktmu dokter,Positif,Netral,0
"Terima pelayanan yang kalian berikan untuk keluarga kami,sehat sehat selalu untuk kalian semua khususnya untuk perawat ruang srkandi💪💪💪",Positif,Netral,0
Pelayanan prima..cepat tanggap Terimakasih atas pelayanannya,Positif,Netral,0
"Pelayanan sdh cukup bagus, mungkin perlu di pisahkan yg daftar online sama yg langsung, supaya lebih cepat dan tdk terlalu lama antrianya.",Positif,Negatif,0
"Rsu Medika lestari pelayanany bagus, terimakasih",Positif,Netral,0
Terimkash atas pelayanannya.sudh baik,Positif,Netral,0
Terimakasih atas segala pelayanan yang di berikan kepada kami sekeluarga..... terkhusus untuk tim Gayatri.....sangat memuaskan..... pertahankan pelayanan kalian,Positif,Netral,0
"Terimakasih atas pelayanan yang baik untuk ibu saya,maju terus rsip",Positif,Netral,0
Rumah sakit andalan di purwokerto👍👍👍👍👍👍👍👍👍,Positif,Netral,0
"Sy prtma kesini td, Menurut sy Stafnya Ramah2 tdk membedak2an Umum/BPJS, Rekomen sih menurut sya",Positif,Negatif,0
"Sy dan putra sy pernah dirawat inap tp SDH lama sekali , jg putra sy pernah dioperasi anggota tubuh bagian tangan , saya puas dgn kinerja dokter dan asistennya yg bernama Ika Linawati.",Positif,Negatif,0
Pasien dokter Diki ruang melati RB.. Dr bagus bgt enak di ajak ngobrol.,Positif,Netral,0
"Terima kasih untuk pelayananya, semoga pelayananya selalu prima",Positif,Netral,0
"Rs yg lokasi dekat ďari rumah,pendaftaran juga gpang dibantu ptugas jkn",Positif,Netral,0
"maaf mau tanya, info untuk pricelist USG nya pak/Bu apakah sudah termasuk Konsul dan vitamin atau hanya USG saja.. terimakasih",Positif,Netral,0
"pelayanane ramah2 , Terima kasih rs dadi keluarga",Positif,Netral,0
Bisa MCU & MBCA,Positif,Netral,0
