text,label,confidence,reviewed_label
"pelayanan sangat baik, dokter ramah pokoknya memuaskan bintang 5☑️",Negatif,0.9933,
Pegawai rs ananda ramah ramah seklai full senyum pokoknya,Negatif,0.9944,
"Rating: ⭐⭐⭐ (5/5) Pelayanan Luar Biasa dan Sangat Profesional! Malam Sabtu lalu anak saya mengalami kecelakaan lalu lintas dan langsung dilarikan ke RSU Siaga Medika Banyumas. Dari saat masuk IGD, penanganannya sangat cepat, tanggap, dan profesional. Proses operasi hingga perawatan di ruang rawat inap selama 4 hari berjalan dengan sangat baik. Dokter, perawat, dan seluruh staf medis sangat ramah, sigap, dan memberikan perhatian penuh demi kesembuhan anak saya. Terima kasih banyak RSU Siaga Medika Banyumas atas pelayanan dan dedikasi terbaiknya. Sangat direkomendasikan untuk siapa saja yang membutuhkan penanganan medis terpercaya! 🙏✨",Negatif,0.9918,
"pelayanan cepat, bersih. perawat dan dokternya sangat ramah dan cekatan 👍",Negatif,0.9912,
"Pelayanan RSU Ananda ini sangat memuaskan. Dokter, perawat, dan petugas administrasi semuanya ramah, sigap, dan profesional. Fasilitas bersih dengan mengutamakan kenyamanan pasien.",Negatif,0.9968,
PELAYANAN NYA BAGUSS BANGETT POKOKNYAAA,Negatif,0.9974,
Cukup bagus pelayanannya,Negatif,0.9969,
Rumah sakit nya bagus,Negatif,0.9967,
Pelayanan bagus,Negatif,0.9969,
Rumah sakit yg sangat nyaman dan lengkap fasilitasnya..sukses terus JIH,Negatif,0.9951,
RSU Ananda lingkungan bersih nyaman dan luas,Negatif,0.9927,
"Pelayanan baik, ramah, rumah sakit bersih dan nyaman",Negatif,0.996,
"untuk para pegawai dan dokter di RS tersebut sangat ramah,baik hati dan bekerja secara profesional",Negatif,0.9834,
"RSIA Bunda Arif memberikan pelayanan kesehatan yang baik, profesional, dan berorientasi pada keselamatan serta kenyamanan pasien.",Negatif,0.9007,
"Ramah, nyaman, priksa gigi nyaman banget dsni,",Negatif,0.9966,
"Bagus, tempatnya nyaman, dan pelayanannya profesional serta informatif👍🏽👍🏽",Negatif,0.9936,
"Utk playann smua baik,,tempt snngt bersih dan nyaman.",Negatif,0.9909,
Pelayanan 👍. Semoga semakin bermanfaat untuk masyarakat Banyumas,Negatif,0.7126,
"perawatan bagus,dokter sama perawat ramah2..saya selaku anak sari pasien sangat berterima kasih",Negatif,0.994,
"pelayanan nya lengkap, dan sudah memiliki fasilitas yang baik, tenaga kesehatan ramah dan baik",Negatif,0.9962,
"Alhamdulillah pelayanan di rsdk bagus, perawatnya kalo ganti sift langsung ngenalin sama perawat yang mau ngesift murah senyum ramah walau sedang sibuk2nya. Terimakasih",Negatif,0.9948,
"pelayanan yang sangat ramah dan terpercaya, sukses selalu bunda arif",Negatif,0.9933,
"Pelayanan sangat memuaskan ,bidan nya ramah dan sabar semua,,terimakasih dokter dan para bidan yang sudah membantu merawat anak saya 🤗🤗",Negatif,0.9775,
Sangat memuaskan pelaynnya terimakasih PKU manah sumpiuh,Negatif,0.9886,
Sangat mengesankan pelayanan dari rsu ananda perawat nya baik baik,Negatif,0.9911,
"Pengalaman saya pada saat dirawat sebagai pasien dan menjadi penunggu pasien pada saat mamah dan kakak saya di rawat di RSU St Elisabeth Purwokerto. para perawat di IGD sangat ramah dan cekatan dalam melakukan pelayanan. dokter juga menerangkannya pun dengan sangat jelas dan rinci. perawat di rawat inap juga selalu mengecek setiap Waktu, selalu dipantau perkembangannya dengan sangat teliti, telaten, cekatan. lingkungan nya nyaman dan bersih. para petugas baik perawat, cs, gizi dan semua sangat ramah. selain itu juga selalu ada kunjungan dari para Suster OP dan Pastoral Care rumah sakit untuk turut mendoakan kesembuhan pasien juga.. Terimakasih RSU St Elisabeth. Tuhan Yesus Memberkati 😇🙏🏻",Negatif,0.9918,
nyaman sekali,Negatif,0.9974,
"RS pilihan bawa cucu kalau sakit, karena pelayanan tenaga kesehatan yang baik serta dibantu tenaga adm a. n Gun yg baik dan ramah",Negatif,0.9875,
"diruangan anggrek siaga medika pelayanan sangat bagus, ramah dan membantu",Negatif,0.9933,
"Berobat pertama kali ke poli bedah, alhmdllh dokternya enak untuk konsultasi, perawatnya ramah2, sesekali ibu saya dituntun, baik banget, empatinya luar biasa walopun pelayanan sedang sibuk. Terimakasih",Negatif,0.9973,
Perawatan disini cukup bagus dan cepat ditangani,Negatif,0.9942,
"Pelayanan bagus, dari security hingga ke proses tindakan personilnya ramah ramah",Negatif,0.9964,
Pelayanan memuaskan,Negatif,0.996,
"Saya pindahan dari luar kota, rencana mau vaksin influenza, sudah menghubungi beberapa rumah sakit, tapi slow response bangett, jadi saya putuskan search RS di Purwokerto yang khususkan untuk ibu dan anak dan pertama yang saya coba hubungi yaitu RS Bunda arif, saya langsung chating dengan CS yang ternyata terhubung dengan bagian pendaftaran sekaligus, saya tanyakan merk kesediaan vaksin balas nya super cepat, dan sangat bantu karena anak saya butuh vaksin cepat, langsung di arahkan dengan jadwal dokter dan ga ribet meski masih manual by WA tapi bagus dan bisa fast respon, jadwal pagi, dokter nya pun datang tepat sesuai jadwal, jadi super puas sekali, akhirnya anak saya bisa vaksin setelah kondisi dari luar kota, dan ga perlu worry lagi karena setelah vaksin di kasihkan lembar vaksin sekaligus di jadwalkan vaksin selanjutnya, harga vaksin juga masih wort it, sepadan juga dengan pelayanan yang super excellent service, setelah berbagi cerita dengan teman saya mereka bilang RS bunda arif memang RSIA yang pantas di Nilai A dan kebetulan juga teman saya juga pernah program hamil disana dan alhamdulillahberhasils sampai bisa melahirkan di RS bunda arif juga. Pertahankan selalu yaakarena kita selalu butuh pelayanan bagus seperti ini🙏",Negatif,0.9911,
"Alhamdulilah saya lahiran di RS Siaga Medika Bayumas, saya mengucapkan terimakasih atas pelayanan yang diberikan tempatnya bersih dapet ruangan Mawar,perawat dan dokternya ramah saat menjelaskan juga detail👍👍",Negatif,0.9571,
"Pengalaman ranap, pelayanan ramah, bagus, kamar nyaman , bersih, rapih, terimakasih ruang Mawar 🙏😊",Negatif,0.9839,
"Terimakasih banyak untuk dr. Ermadi Satriyo masyaallah treatment jerawat dibantu beliau alhamdulillah sekarang jerawat saya sudah sangat sangat jauh membaik, dan dinyatakan sembuh. Pelayanan yang diberikan sangat baik, beliau juga sangat informatif. Biaya terjangkau dan penangannya efisien. Sekali lagi terimakasih banyak dokter🙏",Negatif,0.9841,
"Dalam bbrp minggu ini beberapa kali ke RS Ananda & ibuku jg sempat dirawat disana. Masya Allah bagus bgt pelayanannya, 2 jempol deh... Mulai dr dokter spesialis, dokter IGD, perawat smp petugas2nya semua ramah, senyum & membantu sekali. Benar2 terkesan deh sm RS Ananda meskipun pasien BPJS sekalipun... Terus maju, sukses & semakin besar kedepannya 🙏🙏",Negatif,0.9926,
Dengan pelayanan menggunakan jkn dan BPJS anak saya terobati dengan baik terimakasih banyak Wiradadi 🥰😘😍😚😙,Negatif,0.6642,
"sangat memuaskan pelayanan di sini, semakin sukses dan maju",Negatif,0.9956,
Memuaskann,Negatif,0.9903,
Pelayanannya cepat dan ga ribet dalam penanganan pasien pasien terutama pengguna BPJS,Negatif,0.9962,
pelayanan BPJS terbaik teruntuk keluarga saya kontrol mantaap memang pelayanan disni unggul satset ga ribet,Negatif,0.9946,
Pelayanan cepat dan ramah,Negatif,0.995,
Saya pernah ikut nungguin Kaka mau Persalinan anak ke 2 di RS jIH Sangat luar biasa fasilitas seperti di Hotel berbintang. Ruang Luas fasilitas lengkap banget. POKOKNYA JOS JIS LAHH,Negatif,0.998,
"Pelayanan baik, kami puas terimakasih semua tim Kresna RST Wijayakusuma Purwokerto",Negatif,0.9791,
"Alhamdulillah pelayanannya sangat baik,dokter dan perawatnya sangat ramah.informasinya sangat akurat dan cepat.terimakasih rs orthpaedi purwokerto",Negatif,0.9939,
"Terima Kasih RSU Amanah, atas kesediaan nya bekerjasama dengan kami PLKB pada program Pemerintah pelayanan KB dan Percepatan Penurunan dan Pencegahan Stunting khususnya di Kec Sumpiuh Semoga RSU Amanah selalu memberikan pelayanan terbaik untuk masyarakat,",Negatif,0.8239,
"Sy puas dengan pelayanan di rsop. Perawat dan dokternya ramah, humble, enak diajak konsultasi, kamar bersih, lingkungan sekitar juga bersih dan nyaman. Walopun ibu sy pakai BPJS kelas 3 tapi tidak membedakan pelayanan. Terimakasih para perawat dan dokter yang sudah merawat ibu sy dengan baik. Semoga perawat dan dokter sehat selalu 🙏🏻😊",Negatif,0.9919,
Puas dengan pelayanan Ruang Parikesit,Negatif,0.9912,
"Pelayanan baik, ramah",Negatif,0.9952,
"Trimakasih untuk RS ortopedi,pelayanan bagus ramah,cepat sat set.",Negatif,0.9817,
Pelayann selalu sigap cepat terpercaya bagi seluruh anggota ke luarga kami pengguna BPJS,Negatif,0.9598,
Terimaksih atas Pelayanan saudara saya yang di Rawat di Rumah Sakit Wijayakusuma. Pelayanan Cepat dan tepat dokter dan Perawat ramah Tempatnya nyaman dan bersih Pokoknya RSWK mantap,Negatif,0.9974,
"Masya Allah pelayanannya luar biasa ramah, ruanganya luas. Nyaman banget",Negatif,0.9979,
"Fasilitas ruangannya bersih dan terawat dengan baik. Suasana di rumah sakit juga nyaman serta tenang, sangat membantu proses pemulihan pasien.",Negatif,0.9979,
"Rumah sakit ananda menyediakan pelayanan yang bagus, petugas nya ramah, pelayanan nya cepat",Negatif,0.9966,
Terimakasih untuk pelayanan. Hanya diperbaiki supaya lebih sigap dan cepat tanggap. Jangan jutek klo dipanggil sama pasien.,Negatif,0.7072,
Pelayananya sangat ramah,Negatif,0.9969,
"pelayanan ramah, tempatnya nyaman semoga semakin jaya",Negatif,0.9959,
Pelayanannya sangat baik dan ramah,Negatif,0.9964,
Pelayanannya sangat sangat baik . 🙏🏻🤲🏻terimakasih untuk Dr dan perawat yg sudah melayani dengan baik ..,Negatif,0.9795,
"Layanan ramah, pelayanan cepat",Negatif,0.9947,
Periksa gigi (scaling) menggunakan program S3 untuk dosen Unsoed.. Alhamdulillah gratis.. Terima kasih pelayanan baiknya..,Negatif,0.8701,
"Pelayanan di RSGMP Unsoed sangat memuaskan. Dokter dan perawat melayani dengan ramah, sabar, serta memberikan penjelasan yang mudah dipahami mengenai kondisi gigi dan rencana perawatannya. Proses pendaftaran hingga pemeriksaan berlangsung tertib, dengan fasilitas yang bersih, nyaman, dan lengkap. Penanganan dilakukan secara profesional sehingga pasien merasa tenang selama perawatan. Semoga kualitas pelayanan ini terus dipertahankan dan semakin ditingkatkan agar semakin banyak masyarakat yang merasakan manfaatnya.",Negatif,0.9933,
Alhamdulillah RS dengan pelayanan yang cukup baik Semoga RS an ni'mah bisa selalu konsisten kedepannya dan melayani masyarakat menjadi tujuan utamanya.,Negatif,0.9806,
Pelayannya good bangettt semuanya. Semua dokter JIH favorit semua pokonya,Negatif,0.997,
Pelayanan terpercaya dalam berobat kami pengguna BPJS 😘🥰😍,Negatif,0.8528,
"Selalu pilih JIh untuk tempat berobat dan konsultasi kesehatan, selain memang belerja sama dgk asuransi kesehatan kantor dari segi pelayanan dokter, perawat juga sgt baik. Serta sering di bantu front adm mas Gunanto. Terimakasih",Negatif,0.9802,
Ruang melati,Netral,0.8004,
selamat ulang tahun RS JIH PURWAKARTA,Netral,0.7411,
Kata gue jgn dulu ada cabang kalo belom solve waiting time sampe 6 jam,Netral,0.8552,
"Pengalaman buruk ini semoga tidak terjadi ke pasien bpjs lainnya yg kondisi darurat bisa tetap memakai bpjs nya di ke IGD. Bukan pertama kali saya ke IGD dengan keluhan gerd/nyeri lambung sampai terasa tidak bisa bernafas yang menurut tubuh saya itu perlu pertolongan 2 th lalu saya ke RS Carolus Jakarta pusat dan itu juga rawat jalan dan DICOVER BPJS diberi obat semua tanpa bayar apapun. Malam ini dengan kondisi yg saya hanya berdua dgn anak saya yg berumur 10th jam 11 malam tgl 30 juni 2026 saya ke IGD dgn setengah sadar menegaskan ke perawat yg meminta KTP saya, saya PAKAI BPJS, JD SAYA TEKANKAN KALAU TIDAK COVER JANGAN TINDAK SAYA!! karena sayaa pengguna bpjs yg membayar iuran tanpa telat seharipun setiap bulan dan bertahun-tahun untuk mendapatkan fasilitas saat saya urgensi seperti saat ini. Dan ternyata saya tidak dicover dengan alasan TIDAK MENGANCAM NYAWA. kecuali saya mau di rawat. Kenapa pelayanan bpjs antara di carolus jkt pusat dengan Elisabeth purwokerto bisa berbeda? Perawat menjawab bpjs setiap daerah itu BERBEDA!! tapi karena saya bersikeras dgn sisa tenaga saat sakit ini saya minta pulang, dan mereka membicarakan dlu dgn management dan akhirnya dicover. PELAYANAN BPJS /POS BPJS TIDAK TERSEDIA 24JAM PADAHAL DIKOTA BESAR. saya minta untuk rekam medis saya bisa dilihat riwayatnya dan itu TIDAK BISA. Pengalaman yang sangat buruk, saya minta untuk management yg terkait kalau bisa bekerja sama dengan pihak bpjs untuk lihat riwayat saya. Konfirmasi ke saya kalau dirasa ini hanya kekeliruan dan saya bisa mempertanggungjawabkan tulisan saya ini.",Positif,0.9522,
"Rumah sakit yang administrasinya ribet luar biasa, dua kali ke RS mau rujuk ke poli gigi zonk. Sekeluarga besar bakal saya black list ini RS",Positif,0.9932,
"Periksa ke drg spesialis bedah mulut, dokternya ga on time, dateng nya telat bgt. Pelayanan sangat tidak ramah",Positif,0.9975,
"kronologi nya bulan april 2026, tepatnya saya ke rs ananda jam 12 malam membawa anak bayi 13 bulan kondisi muntah dari pagi ngga masuk asupan apapun baik susu maupun makanan, dan diare dari setengah 12 malam dan badan kondisi sumeng atau ngga begitu panas, bisa2nya dokter jaga igd nya nyuruh pulang dengn alasan tanda vital masih baik!! begitu pulang dari rs ananda, anak saya masih muntah dan diare kaya gitu kok masih dibilang tanda vital masih baik.. baik darimananya ya! dah kapok saya ke rs ananda! ngga akan ke rs ananda lagi!!",Positif,0.9865,
Plisss nunggu obatnya lama bangettt sampe 2 jam 😭,Positif,0.988,
"Dokter di IGD tidak mau mempertimbangkan riwayat sakit dan pengobatan pasien, dokter memberikan tindakan yang diluar urgensi, sehingga hal yang seharusnya bisa dihindari dapat terjadi... Anak usia 3 tahun dengan keluhan demam tinggi, 39°C, disertai batuk,. Dari awal sudah diberikan penjelasan kepada dokter dan perawat bahwa jika demam tidak segera ditangani, secara hystorical anak ini akan kejang di suhu 40°C, akan tetapi tidak dihiraukan, tindakan yang diberikan adalah diberikan uap / nebulizer, selama +1jam,.. Hingga jam ke dua anak ini kejang selama lebih dari 10 menit.. Tolong, jangan egois dalam menganalisa dan memberikan tindakan, dengarkan dan pertimbangkan juga informasi yang diberikan oleh keluarga pasien.",Positif,0.8835,
"Rs basic agama katolik yang katanya ajaran penuh kasih , pelayanan dokternya tidak ramah. Pasang wajah jutek. Kasih penjelasan irit banget. Beda banget dgn rs Siloam di Yogya, dokternya ramah ramah dan rs juga bagus. Jujur kecewa banget minimal ditatar lah kalo dokter harus melayani dgn kasih. Ga usah panjang lebar penjelasan minimal ada senyum dibibir..walaupun pake bpjs , saya juga byr iuran setiap bln loh.",Positif,0.9849,
"Saya dan keluarga sudah mempercayakan pelayanan di Rumah Sakit Ananda sejak tahun 2017. Istri saya bahkan telah menjalani operasi sesar (SC) di rumah sakit ini sebanyak dua kali, yaitu pada tahun 2017 dan 2024. Selama ini kami memiliki kesan yang baik terhadap pelayanan yang diberikan, sehingga selalu memilih Rumah Sakit Ananda untuk kebutuhan kesehatan keluarga. Namun, pada kunjungan tanggal **6 Agustus 2026 sekitar pukul 17.30 WIB**, dipoli anak kami mengalami pengalaman yang kurang menyenangkan di nurse station. Petugas yang saat itu bertugas, yang saya kenali dari ciri memakai behel, melayani dengan sikap yang menurut kami kurang ramah. Saat kami bertanya, respons yang diberikan terkesan jutek, kurang komunikatif, dan kurang menunjukkan empati, sehingga membuat kami merasa tidak nyaman. Kami memahami bahwa tenaga kesehatan memiliki beban kerja yang tinggi. Namun, keramahan, kesopanan, dan komunikasi yang baik merupakan bagian penting dari pelayanan kesehatan. Sebagai keluarga yang telah mempercayakan pelayanan Rumah Sakit Ananda selama bertahun-tahun, kami berharap masukan ini dapat menjadi bahan evaluasi agar pelayanan di nurse station semakin profesional, ramah, dan mengutamakan kenyamanan pasien serta keluarganya. Masukan ini kami sampaikan dengan niat baik karena kami berharap kualitas pelayanan Rumah Sakit Ananda dapat terus dipertahankan dan ditingkatkan.",Positif,0.8123,
GA BANGET PELAYANANNYA LELET,Positif,0.9966,
Pendaftaran online untk pasien rujukan payah lama sekali gagal2 terus,Positif,0.9965,
"Dpt rujukan ke RSUD BANYUMAS,,anak harus priksa ahli saraf,sama dokter suruh ct scan,tp alat nya rusak sudah 1 bulan blm jd kata nya,akhir nya kontrol ke 1 alat udah jd,dan di suruh nebus obat ke apotik kirain obat buat di bawa pulang dan ternyata mlh infus,masa kita yg sakit suruh ambil infus di apotek,dan alhasil ct scan di suruh besok nya lg,dan hasil ct scan di suruh ambil 1 bulan sklian kontrol ke 2,ini orang sakit lho kenapa harus nunggu 1 bulan,memang kita pakai bpjs tp jngn di lama""in,dan kata nya klu mau cepet kluar hsl ct scan nya kita harus bayar 300 rb,,knp gk di percapat penanganan nya,,kita jauh"" dpt rujukan ke situ,jarak rumah ke rs 2 jam lho,,",Positif,0.9319,
Dokternya lama bgt di jadwal 17.00 ini udh mau jam 18.00 blm dateng 🥹 capek nunggunya,Positif,0.9911,
