text,Rating,Nama RS,text_processed,label,indobert_pred,indobert_score,mismatch,reviewed_label
Ruang melati,5,RSU Siaga Medika Banyumas,ruang melati,Positif,Netral,0.8004,True,
"RS bersih, dokter, perawat dan staffnya informatif, cuma sayang ruang perawatan kls 3 panas banget, ACnya ga dingin dan angin aja kaya sayang aja gt buang2 listrik tapi tidak ada fungsinya sedangkan kamar kondisinya rapat ga ada lubang udara/perputaran udara, masa lebih adem di karidornya, tolong diperhatikan yaa utk perawatan AC biarpun utk kamar kls 3 jg kasihan kan pasienya panas dan gerah",4,RSU Ananda Purwokerto,rumah sakit bersih dokter awat dan staffnya informatif hanya sayang ruang awat kls 3 panas sekali acnya tidak dingin dan angin saja kaya sayang saja gt buang2 listrik tapi tidak ada fungsi sedang kamar kondisi rapat tidak ada lubang udaraperputaran udara masa lebih adem di karidornya tolong perhati yaa untuk awat ac biarpun untuk kamar kls 3 juga kasihan kan pasienya panas dan gerah,Positif,Negatif,0.6837,True,
Alhamdulilah 3 anak saya lahiran di RSIA Bunda Arif Terimakasih,5,RSIA Bunda Arif,alhamdulilah 3 anak saya lahir di rsia bunda arif terima kasih,Positif,Netral,0.5891,True,
"Pernah kecewa disini. Trus curhat di sini, posisi msh di ruang inap. Langsung direktur RS datang ke kamar😀 Akhir cerita hapus ulasan 🤣",5,RSU Wiradadi Husada Banyumas,pernah kecewa sini trus curhat di sini posisi msh di ruang inap langsung direktur rumah sakit datang ke kamar akhir cerita hapus ulas,Positif,Netral,0.5388,True,
"Dulu pernah priksa (USG) disini tapi sama dokternya di takutin² katanya 1 minggu lagi bayinya harus dilahirkan padahl bb bayinya baru 1,9kg😂dan itu katanya udah mau usia 39minggu, tapi aku gak nurutin alhasil priksa ke rs lain ternyata bb bayi nya udah 2,6kg, dan Alhamdulillah lahir sesuai hpl dan berat badanya 3kg + lahiran normal🤪😜",1,RSIA Budhi Asih,dulu pernah priksa usg sini tapi sama dokter di takutin kata 1 minggu lagi bayi harus lahir padahl bb bayi baru 19kgdan itu kata sudah mau usia 39minggu tapi saya tidak nurutin alhasil priksa ke rumah sakit lain nyata bb bayi nya sudah 26kg dan alhamdulillah lahir sesuai hpl dan berat bada 3kg lahir normal,Negatif,Netral,0.7631,True,
Tempat dan lokasinya bagus tapi pelayanan nya kurang memuaskan,3,RSU An Ni'mah,tempat dan lokasi bagus tapi layan nya kurang muas,Netral,Negatif,0.9938,True,Netral
"Ketemu perawat yang buat sakit hati cara ngomongnya. Almh ibu sy masuk kondisi kesadaran menurun msh diblg gak bs kooperatif. Gmn mau kooperatif kondisinya kesadarannya jg menurun. Kedua, dy perawat tp sdh langsung bilang ini telat udah susah, maksudnya? Kalau sy sebagai anak pasien kita tau kondisinya memang sdg krg baik si pasien almh ibu sy tp sy memohon utk disampaikan kekeluarga sj jgn di dpn pasien tp si perawat masih blg dokter jg akan blg gt, ini jg gak akan dgr jg sy ngmg. Disitu sy makin naik darah dan langsung marah krn meski gmn pun sy yakin almh tetap bs mendengar hny sj tdk bs merespon. Saat itu yg sy butuhkan adlh semangat baik utk sy ataupun pasien bukan dgn kata2 yg menurut sy tdk pantas sbg seorang perawat. Yg bs menentukan jg seharusnya dokter bukan perawat.",3,RSU Santa Elisabeth Purwokerto,ketemu awat yang untuk sakit hati cara ngomongnya almh ibu saya masuk kondisi sadar turun msh diblg tidak bs kooperatif gmn mau kooperatif kondisi sadar juga turun dua dy awat tetapi sudah langsung bilang ini telat sudah susah maksud kalau saya bagai anak pasien kita tau kondisi memang sdg krg baik si pasien almh ibu saya tetapi saya mohon untuk sampai keluarga sj jangan di dpn pasien tetapi si awat masih blg dokter juga akan blg gt ini juga tidak akan dgr juga saya ngmg situ saya makin naik darah dan langsung marah karena meski gmn pun saya yakin almh tetap bs dengar hny sj tidak bs merespon saat itu yang saya butuh adlh semangat baik untuk saya atau pasien bukan dgn kata2 yang turut saya tidak pantas bagai orang awat yang bs tentu juga harus dokter bukan awat,Netral,Negatif,0.9427,True,
"Untuk semuanya bagus, baik dokter sama suster serta pelayanan saat kontrol, tapi Sangat di sayangkan untuk pelayanan pengambilan obat entah kenapa kok sangat TDK ramah dan tdk bisa menjelaskan kendalanya, sangat di sayangkan sekali",3,RSU Santa Elisabeth Purwokerto,untuk semua bagus baik dokter sama suster serta layan saat kontrol tapi sangat di sayang untuk layan ambil obat entah kenapa kok sangat tidak ramah dan tidak bisa jelas kendala sangat di sayang sekali,Netral,Negatif,0.916,True,
Mohon diperbaiki dengan urutan periksa dipoli ya min 🙏🏻,2,RSU Santa Elisabeth Purwokerto,mohon baik dengan urut periksa pol ya min,Negatif,Netral,0.9426,True,
"Kemaren sore saya ke rs elisabeth untuk membesuk teman saya, kebetulan situasi rs sedang ramai, saya bingung mau bertanya ke siapa, pak satpam sibuk mengantar pasien dan foto pasien, pendaftaran juga sibuk mendaftari, saya tidak mungkin menyela, setelah situasi reda saya dilayani dibagian pendaftaran, ibu dan mba yg dipendaftaran melayani dengan baik, ramah. Saya mau memberi masukan ke manajemen rs, masa rs dengan gedung semegah itu tidak punya unit informasi tempat bertanya berbagai hal, setau saya di rs manapun ada unit informasinya tersendiri, seharusnya elisabeth juga punya unit informasi sendiri. Mohon perhatiannya, Terimakasih",4,RSU Santa Elisabeth Purwokerto,kemaren sore saya ke rumah sakit elisabeth untuk besuk teman saya betul situasi rumah sakit sedang ramai saya bingung mau tanya ke siapa pak satpam sibuk antar pasien dan foto pasien daftar juga sibuk daftar saya tidak mungkin sela telah situasi reda saya layan bagi daftar ibu dan mba yang daftar layan dengan baik ramah saya mau beri masuk ke manajemen rumah sakit masa rumah sakit dengan gedung megah itu tidak punya unit informasi tempat tanya bagai hal tau saya di rumah sakit mana ada unit informasi sendiri harus elisabeth juga punya unit informasi sendiri mohon perhati terima kasih,Positif,Netral,0.4732,True,
Oke si beli laptop disini dapet bonus kaos,5,RS TK. III Wijayakusuma Purwokerto,baik si beli laptop sini dapat bonus kaos,Positif,Netral,0.5919,True,
"Tolong dong, ada wifi gratisnya..",5,RS TK. III Wijayakusuma Purwokerto,tolong lah ada wifi gratis,Positif,Netral,0.9456,True,
"Nuhun pisan teh yunita p petugas pendaftaran parantos ngajelaskeun ngeunaan proses administrasi pendaftaran kanggo ibu abdi, margi abdi nembe pertama kali sumping mariksa sareng rawat inap di dieu salaku pendatang. Sareng teh yunita oge teah tur someah, tiasa nenangkeun ka abdi, ngadoakeun abdi tiasa cumlaude. Hatur nuhun pisan nya teh, kesuksesan oge kanggo tetehna. Hatur nuhun oge ka petugas perawat IGD teh Eva anu parantos nanganan pun biang kalayan sae. Nembe kahiji kalina sumping ka ieu rumah sakit, peralatanna lengkep sareng nyugemakeun pisan. Abdi resep salaku pendatang.",5,RS TK. III Wijayakusuma Purwokerto,nuhun pis teh yunita p tugas daftar parantos ngajelaskeun ngeunaan proses administrasi daftar kanggo ibu abdi margi abdi nembe pertama kali sumping mariksa sareng rawat inap di dieu sala datang sareng teh yunita oge teah tur someah tiasa nenangkeun ka abdi ngadoakeun abdi tiasa cumlaude hatur nuhun pis nya teh sukses oge kanggo tetehna hatur nuhun oge ka tugas awat instalasi gawat darurat teh eva anu parantos nanganan pun biang kalayan sae nembe kahiji kalina sumping ka ieu rumah sakit peralatanna lengkep sareng nyugemakeun pis abdi resep sala datang,Positif,Negatif,0.5341,True,
pelayanan nya lama padahal ini kasus kecelakaan,3,RS TK. III Wijayakusuma Purwokerto,layan nya lama padahal ini kasus celaka,Netral,Negatif,0.9979,True,
Pernah kesini pas Dulu B4kain c0v1d 19,5,RS TK. III Wijayakusuma Purwokerto,pernah kesini saat dulu b4kain c0v1d 19,Positif,Netral,0.9959,True,
"Mohon diperbaiki di bagian farmasi rawat jalan , antri disitu selalu lama banget , minimal 2 jam baru dapat obat ( ini pengalaman saya ) pernah sampai 4 jam baru dapat obatnya , tp ketika menyampaikan ke petugas farmasinya malah ditanyainnya yg ambil dl satu poli atau nggak kaya ga mau dpt kritik atau masukan ,kan saya jg ga apal donk masukannya tolong dikasih nomer antrian aja ketika kita numpuk resep , kemudian obat harus diambil hari itu juga atau melalui jasa antar yg sudah ada , kl yg numpuk resep diambil esok harinya itu yang ganggu banget , yg antri hari itu jd lebih lama semoga masukan ini bs dipertimbangkan terimakasih",3,RS TK. III Wijayakusuma Purwokerto,mohon baik di bagi farmasi rawat jalan antre situ selalu lama sekali minimal 2 jam baru dapat obat ini alam saya pernah sampai 4 jam baru dapat obat tetapi ketika sampai ke tugas farmasi malah ditanyainnya yang ambil dl satu poliklinik atau tidak kaya tidak mau dapat kritik atau masuk kan saya juga tidak apal donk masuk tolong kasih nomer antri saja ketika kita numpuk resep kemudian obat harus ambil hari itu juga atau lalu jasa antar yang sudah ada kalau yang numpuk resep ambil esok hari itu yang ganggu sekali yang antre hari itu jadi lebih lama moga masuk ini bs timbang terima kasih,Netral,Negatif,0.8506,True,
"Hal-hal sederhana seperti ketepatan waktu mungkin terlihat sepele, tetapi justru menjadi bagian penting dalam membangun kualitas pelayanan dan profesionalisme. Jika disiplin waktu antara peserta dan penyedia layanan dapat berjalan dengan baik, saya yakin kualitas pelayanan dan citra UNSOED juga akan semakin baik dan berkembang.",2,RSGMP UNSOED PURWOKERTO,halhal sederhana seperti tepat waktu mungkin lihat sepele tetapi justru jadi bagi penting dalam bangun kualitas layan dan profesionalisme jika disiplin waktu antara serta dan sedia layan dapat jalan dengan baik saya yakin kualitas layan dan citra unsoed juga akan makin baik dan kembang,Negatif,Positif,0.9923,True,
Semakin ramai... Sukses selalu untuk rsgmp Unsoed...,3,RSGMP UNSOED PURWOKERTO,makin ramai sukses selalu untuk rsgmp unsoed,Netral,Positif,0.9767,True,
RSGM Unsoed terpercaya untuk penanganam gigi,5,RSGMP UNSOED PURWOKERTO,rsgm unsoed percaya untuk penanganam gigi,Positif,Netral,0.898,True,
"Gigi sy abrasi & biasanya cukup ditambal, dg biaya hampir 1jt dlm hitungan hari tambalannya lepas & dokter yg menangani sy memberi garansi jk ada keluhan bs kembali... baiklah..sy kembali lg utk memperbaiki tambalan yg lepas. Namun kurleb 2 pekan setelah diperbaiki, tambalan mulai lepas lg & gigi terasa ngilu. Dg dokter gigi langganan sy, tambalan gigi sy bs bertahan smp 4th (itupun lepas krn sy pake dental floss), lah ini bertahan kurang dr 1bl. Tinggal nambahin biaya dikit sy udh dpt kualitas terbaik dr Drg langganan sy yg saat itu sedang cuti ke LN.",1,RSGMP UNSOED PURWOKERTO,gigi saya abrasi biasa cukup tambal dengan biaya hampir 1jt dalam hitung hari tambal lepas dokter yang tangan saya beri garansi jk ada keluh bs kembali baiklahsy kembali lagi untuk baik tambal yang lepas namun kurleb 2 pekan telah baik tambal mulai lepas lagi gigi asa ngilu dengan dokter gigi langgan saya tambal gigi saya bs tahan smp 4th itu lepas karena saya pake dental floss lah ini tahan kurang dari 1bl tinggal tambah biaya dikit saya udh dapat kualitas baik dari drg langgan saya yang saat itu sedang cuti ke luar negeri,Negatif,Positif,0.8106,True,
"Buat mas yg jaga parkir hari ini, Terimakasih banyak atas bantuannya 👋🏼",5,"Rumah Sakit ""JIH"" Purwokerto",untuk mas yang jaga parkir hari ini terima kasih banyak atas bantu,Positif,Netral,0.8295,True,
"Lagi trip ke pwt, anak sakit dibawa ke IGD langsung ditangani. TOP.",5,"Rumah Sakit ""JIH"" Purwokerto",lagi trip ke pwt anak sakit bawa ke instalasi gawat darurat langsung tangan sangat baik,Positif,Netral,0.9852,True,
"I was asked to come at 3:45 PM, but by 5 PM I still hadn’t been called in, and the doctor hadn’t even arrived yet. I was told the doctor’s schedule was from 4–8 PM, so this was quite disappointing. Also, sorry to say, but I wasn’t really impressed with the doctor’s way of educating patients. Even though she has an M.Kes degree, I felt that her communication and patient education skills didn’t really reflect the level of expertise I expected And why she didn’t read the medical record first, so patient didnt need to explain all over again from the very beginning",1,"Rumah Sakit ""JIH"" Purwokerto",i was asked to come at 345 pesan pribadi but by 5 pesan pribadi i still hadnt been called in and the doctor hadnt even arrived yet i was told the doctors schedule was from 48 pesan pribadi so this was quite disappointing also sorry to say but i wasnt really impressed with the doctors way of educating patients even though she has an mkes degree i felt that her communication and patient education skills didnt really reflect the level of expertise i expected and why she didnt read the medical record first so patient didnt need to explain all over again from the very beginning,Negatif,Netral,0.536,True,
Thanks to RS JIH Purwokerto for the care and treatment provided to my wife over the past week. The service provided has been very satisfactory,5,"Rumah Sakit ""JIH"" Purwokerto",terima kasih to rumah sakit jih purwokerto for the care and treatment provided to my wife over the past week the service provided has been very satisfactory,Positif,Netral,0.5986,True,
Rekam medis mantul,5,"Rumah Sakit ""JIH"" Purwokerto",rekam medis sangat baik,Positif,Netral,0.9341,True,
Kata gue jgn dulu ada cabang kalo belom solve waiting time sampe 6 jam,1,"Rumah Sakit ""JIH"" Purwokerto",kata saya jangan dulu ada cabang kalo bom solve waiting time sampai 6 jam,Negatif,Netral,0.8552,True,
Bisa MCU & MBCA,5,"Rumah Sakit ""JIH"" Purwokerto",bisa mcu mbca,Positif,Netral,0.7381,True,
selamat ulang tahun RS JIH PURWAKARTA,5,"Rumah Sakit ""JIH"" Purwokerto",selamat ulang tahun rumah sakit jih purwakarta,Positif,Netral,0.7411,True,
"pemeriksaan cepat,mri pemeriksaan cepat dan mudah",5,RSUD Banyumas,periksa cepat mri periksa cepat dan mudah,Positif,Netral,0.5979,True,Positif
Pemeriksaan cepat dan penanganan tepat,5,RSUD Banyumas,periksa cepat dan tangan tepat,Positif,Netral,0.7834,True,Positif
"Saya ingin menyampaikan apresiasi kepada RSOP Purwokerto. Selama kurang lebih 5 bulan bolak-balik untuk menjalani pengobatan dan kontrol, saya merasa pelayanan yang diberikan sudah sangat baik, informatif, jelas, dan ramah. Namun, sangat disayangkan pelayanan di bagian informasi pada hari ini kurang memuaskan. Petugas yang berjaga terkesan kurang ramah dan kurang sabar dalam menghadapi keluhan pasien. Menurut saya, bagian informasi adalah salah satu layanan yang paling sering didatangi pasien, terutama pasien lanjut usia yang masih kesulitan menggunakan teknologi. Karena itu, sikap yang lebih ramah dan sabar tentu akan sangat membantu. Saya menuliskan ulasan ini bukan untuk menjatuhkan siapa pun, melainkan sebagai bentuk masukan agar pelayanan ke depannya bisa menjadi lebih baik. Apalagi, hari ini saya mendengar cukup banyak keluhan dari pasien lain setelah saya sendiri menyampaikan keluhan yang saya alami. Terima Kasih 🙏🏻",3,Rumah Sakit Orthopaedi Purwokerto,saya ingin sampai apresiasi kepada rsop purwokerto lama kurang lebih 5 bulan bolakbalik untuk jalan obat dan kontrol saya rasa layan yang beri sudah sangat baik informatif jelas dan ramah namun sangat sayang layan di bagi informasi pada hari ini kurang muas tugas yang jaga kes kurang ramah dan kurang sabar dalam hadap keluh pasien turut saya bagi informasi adalah salah satu layan yang paling sering datang pasien utama pasien lanjut usia yang masih sulit guna teknologi karena itu sikap yang lebih ramah dan sabar tentu akan sangat bantu saya tulis ulas ini bukan untuk jatuh siapa pun lain bagai bentuk masuk agar layan ke depan bisa jadi lebih baik apalagi hari ini saya dengar cukup banyak keluh dari pasien lain telah saya sendiri sampai keluh yang saya alami terima beri,Netral,Negatif,0.7361,True,
Pendaftaran online untk pasien rujukan payah lama sekali gagal2 terus,3,Rumah Sakit Orthopaedi Purwokerto,daftar online untk pasien rujuk payah lama sekali gagal2 terus,Netral,Negatif,0.9965,True,
Operasi patah tulang sekarang tidak harus dengan pen plat yg terkesan mengerikan,4,Rumah Sakit Orthopaedi Purwokerto,operasi patah tulang sekarang tidak harus dengan pen plat yang kes keri,Positif,Negatif,0.9301,True,
"Selama hamil sllu rutin USG & daftar online via whatsapp awal2 fast respon,tp pas CS pendaftaran nomor WA nya ganti ya ampunnn pelayananya slowrespon sekali !! Balas chatnya plenger bgt ! Udh jelas2 mau daftar online mnyrtakan NIK,nama pasien,poli tujuan,hari & tanggal,malah disuruh lgsg datang ke RS ! Minta nomor antrian online ga dikasih ! Grgr cs plenger aku jd antre dr jam 2 smpe jam 5 sore !! Kecewa bangettt",3,RSU PKU MUHAMMADIYAH AMANAH SUMPIUH,lama hamil sllu rutin usg daftar online via whatsapp awal2 fast respontp saat cs daftar nomor wa nya ganti ya ampun pelayananya slowrespon sekali balas chatnya plenger banget udh jelas2 mau daftar online mnyrtakan niknama pasienpoli tujuanhari tanggalmalah suruh lgsg datang ke rumah sakit minta nomor antri online tidak kasih grgr cs plenger saya jadi antre dari jam 2 smpe jam 5 sore kecewa sekali,Netral,Negatif,0.9953,True,
Terimakasih untuk pelayanan. Hanya diperbaiki supaya lebih sigap dan cepat tanggap. Jangan jutek klo dipanggil sama pasien.,3,RSU PKU MUHAMMADIYAH AMANAH SUMPIUH,terima kasih untuk layan hanya baik supaya lebih sigap dan cepat tanggap jangan jutek kalau panggil sama pasien,Netral,Positif,0.7072,True,
Untuk ranap oke. Tp utk bagian HD kecewa. Krn pas HD suntik manual itu jadi benjol keras diselangkangan. Sampe sakit membiru ungu. Jalan susah..,4,RSU PKU MUHAMMADIYAH AMANAH SUMPIUH,untuk rawat inap baik tetapi untuk bagi hd kecewa karena saat hd suntik manual itu jadi benjol keras selangkang sampai sakit biru ungu jalan susah,Positif,Negatif,0.9968,True,
"Dpt rujukan ke RSUD BANYUMAS,,anak harus priksa ahli saraf,sama dokter suruh ct scan,tp alat nya rusak sudah 1 bulan blm jd kata nya,akhir nya kontrol ke 1 alat udah jd,dan di suruh nebus obat ke apotik kirain obat buat di bawa pulang dan ternyata mlh infus,masa kita yg sakit suruh ambil infus di apotek,dan alhasil ct scan di suruh besok nya lg,dan hasil ct scan di suruh ambil 1 bulan sklian kontrol ke 2,ini orang sakit lho kenapa harus nunggu 1 bulan,memang kita pakai bpjs tp jngn di lama""in,dan kata nya klu mau cepet kluar hsl ct scan nya kita harus bayar 300 rb,,knp gk di percapat penanganan nya,,kita jauh"" dpt rujukan ke situ,jarak rumah ke rs 2 jam lho,,",2,RSUD Banyumas,dapat rujuk ke rsud banyumasanak harus priksa ahli sarafsama dokter suruh ct scantp alat nya rusak sudah 1 bulan belum jadi kata nyaakhir nya kontrol ke 1 alat sudah jddan di suruh nebus obat ke apotik kirain obat untuk di bawa pulang dan nyata mlh infusmasa kita yang sakit suruh ambil infus di apotekdan alhasil ct scan di suruh besok nya lgdan hasil ct scan di suruh ambil 1 bulan sklian kontrol ke 2ini orang sakit ekspresi tekan kenapa harus tunggu 1 bulanmemang kita pakai bpjs sehat tetapi jngn di lamaindan kata nya klu mau cepet kluar hsl ct scan nya kita harus bayar 300 rbknp gk di percapat tangan nyakita jauh dapat rujuk ke situjarak rumah ke rumah sakit 2 jam ekspresi tekan,Negatif,Negatif,0.9319,False,
"Saya bingung banget jadi saya punya tante di rujuk ke rumah sakit ini dengan menggunakan bpjs udah masuk igd , dirogsen, USG gak ada hasil rekaman medisnya. tante saya didiagnosis ginjal nya ada cairan nanah dan di paru parunya juga banyak cairan tapi gak langsung di proses dengan cepat malah dipulangkan gak hanya itu tanggal 19 sep kemaren tante saya kontrol diundur terus dari jam 5sore ke jam 9 malem terus mundur lagi ke jam 11malem di kira orang yang sakit itu gak cape apa!!! Bulak balik rumah sakit otaknya dimana!!! Coba ya jangan mentang mentang kami pake bpjs bisa seenaknya seperti itu ini menyangkut nyawa manusia masa pihak rumah sakit gak ada tanggung jawab sama sekali keluarga saya minta hasil rongsen atau USG gak di kasih Kalo memang dari awal alat medis dirumah sakit gak lengkap kenapa gak langsung di pindah secepatnya ke rumah sakit yang bisa cepat menangani Apa harus nunggu orang nyawanya hilang dulu ya baru bertindak gitu?",1,RSU PKU MUHAMMADIYAH AMANAH SUMPIUH,saya bingung sekali jadi saya punya tante di rujuk ke rumah sakit ini dengan guna bpjs sehat sudah masuk instalasi gawat darurat dirogsen usg tidak ada hasil rekam medis tante saya diagnosis ginjal nya ada cair nanah dan di paru paru juga banyak cair tapi tidak langsung di proses dengan cepat malah pulang tidak hanya itu tanggal 19 sep kemaren tante saya kontrol undur terus dari jam 5sore ke jam 9 malam terus mundur lagi ke jam 11malem di kira orang yang sakit itu tidak capek apa bulak balik rumah sakit otak mana coba ya jangan mentang mentang kami pake bpjs sehat bisa enak seperti itu ini sangkut nyawa manusia masa pihak rumah sakit tidak ada tanggung jawab sama sekali keluarga saya minta hasil rongsen atau usg tidak di beri kalo memang dari awal alat medis rumah sakit tidak lengkap kenapa tidak langsung di pindah cepat ke rumah sakit yang bisa cepat tangan apa harus tunggu orang nyawa hilang dulu ya baru tindak gitu,Negatif,Negatif,0.9871,False,
Sangat membantu dan informatif,5,"Rumah Sakit ""JIH"" Purwokerto",sangat bantu dan informatif,Positif,Positif,0.9923,False,
"Pelayanan ramah, fast respon, tempat nyaman dan bersih 👍👍👍",5,RSU Siaga Medika Banyumas,layan ramah fast respon tempat nyaman dan bersih,Positif,Positif,0.9805,False,
Rumah sakit yang lengkap lengkip dan pelayanan yang ramah. Maju terus RSUD Banyumas,5,RSUD Banyumas,rumah sakit yang lengkap lengkip dan layan yang ramah maju terus rsud banyumas,Positif,Positif,0.992,False,
"Alhmdllh anak saya sembuh, terimakasih rsu Medika lestari pelayanan polinya sangat bagus dokter ramah, perawatnya sumeh dan baik",5,RSU Medika Lestari,alhmdllh anak saya sembuh terima kasih rumah sakit umum medika lestari layan pol sangat bagus dokter ramah awat sumeh dan baik,Positif,Positif,0.9958,False,
"Pelayanan baik, staf ramah",5,RSU An Ni'mah,layan baik staf ramah,Positif,Positif,0.995,False,
"Tempat nya nyaman, parkiran luas dan perawatnya ramah",5,RSU Santa Elisabeth Purwokerto,tempat nya nyaman parkir luas dan awat ramah,Positif,Positif,0.9975,False,
RS dengan pelayanan yang baik dan staff nya juga profesional,5,RSU An Ni'mah,rumah sakit dengan layan yang baik dan staff nya juga profesional,Positif,Positif,0.9926,False,
pelayananya ramah dan cepat,5,RSIA Bunda Arif,pelayananya ramah dan cepat,Positif,Positif,0.9961,False,
Jujur saya puas sekali dengan pelayanan di RSOP dari masuk IGD sampai pulang,5,Rumah Sakit Orthopaedi Purwokerto,jujur saya puas sekali dengan layan di rsop dari masuk instalasi gawat darurat sampai pulang,Positif,Positif,0.9965,False,
"diruangan anggrek siaga medika pelayanan sangat bagus, ramah dan membantu",5,RSU Siaga Medika Banyumas,ruang anggrek siaga medika layan sangat bagus ramah dan bantu,Positif,Positif,0.9933,False,
"Pelayanan baik, ramah, rumah sakit bersih dan nyaman",5,RSU Ananda Purwokerto,layan baik ramah rumah sakit bersih dan nyaman,Positif,Positif,0.996,False,
"Rumah Sakit dengan lokasi yang strategis, pelayanan semakin bertambah, desainnya kekinian dan modern..",5,RSU An Ni'mah,rumah sakit dengan lokasi yang strategis layan makin tambah desain kini dan modern,Positif,Positif,0.9965,False,
"Pengalaman lahiran disini + menginap, ruangannya sangat nyaman, fasilitasnya oke. Perawat, dokter dan pegawainya ramah, biayanya juga murah. Terimakasih atas pelayanannya..",5,RSU An Ni'mah,alam lahir sini inap ruang sangat nyaman fasilitas baik awat dokter dan pegawai ramah biaya juga murah terima kasih atas layan,Positif,Positif,0.9979,False,
Mengutamakan Kepuasan Pelanggan,5,RSUD Banyumas,utama puas langgan,Positif,Positif,0.9811,False,
DOKTER DAN PERAWAT NYA BAIK RAMAH TEMPAT NYA BERSIH TOILET BERSIH DAN TIDAK MEMBEDA - BEDAKAN ANTARA UMUM DAN BPJS 🫰🫰,5,Rumah Sakit Orthopaedi Purwokerto,dokter dan awat nya baik ramah tempat nya bersih toilet bersih dan tidak beda beda antara umum dan bpjs sehat,Positif,Positif,0.8788,False,
"Pernah memeriksakan anak ke Ananda pelayanan, ramah, penanganan cepat, dan kunjungan ke Pasien rawat inap juga baik",5,RSU Ananda Purwokerto,pernah periksa anak ke ananda layan ramah tangan cepat dan kunjung ke pasien rawat inap juga baik,Positif,Positif,0.9777,False,
Bersih,5,Rumah Sakit Orthopaedi Purwokerto,bersih,Positif,Positif,0.9951,False,
